n,net_benefit,success_difference,radius,nb_lo,nb_hi,success_lo,success_hi
1,-1.0,-1.0,24.61996959125003,-1.0,1.0,-1.0,1.0
2,-1.0,-1.0,12.380925367164851,-1.0,1.0,-1.0,1.0
3,-1.0,-0.6666666666666666,8.301040128823223,-1.0,1.0,-1.0,1.0
4,-1.0,-0.5,6.260946748831059,-1.0,1.0,-1.0,1.0
5,-1.0,-0.6,5.036771762484889,-1.0,1.0,-1.0,1.0
6,-0.6666666666666666,-0.3333333333333333,4.220557316590717,-1.0,1.0,-1.0,1.0
7,-0.7142857142857143,-0.2857142857142857,3.6374643049717923,-1.0,1.0,-1.0,1.0
8,-0.75,-0.25,3.2000731523141677,-1.0,1.0,-1.0,1.0
9,-0.7777777777777778,-0.2222222222222222,2.8598174087553745,-1.0,1.0,-1.0,1.0
10,-0.8,-0.2,2.5875571876972185,-1.0,1.0,-1.0,1.0
11,-0.8181818181818182,-0.2727272727272727,2.3647489102465418,-1.0,1.0,-1.0,1.0
12,-0.8333333333333334,-0.25,2.17903017741851,-1.0,1.0,-1.0,1.0
13,-0.8461538461538461,-0.23076923076923078,2.021842393615672,-1.0,1.0,-1.0,1.0
14,-0.8571428571428571,-0.21428571428571427,1.8870722657455707,-1.0,1.0,-1.0,1.0
15,-0.7333333333333333,-0.13333333333333333,1.7702367026795045,-1.0,1.0,-1.0,1.0
16,-0.75,-0.125,1.6679733774037049,-1.0,0.9179733774037049,-1.0,1.0
17,-0.7647058823529411,-0.11764705882352941,1.5777110907547474,-1.0,0.8130052084018062,-1.0,1.0
18,-0.6666666666666666,-0.05555555555555555,1.4974500139013025,-1.0,0.8307833472346359,-1.0,1.0
19,-0.6842105263157895,-0.10526315789473684,1.4256113279291984,-1.0,0.7414008016134089,-1.0,1.0
20,-0.7,-0.1,1.360931971543979,-1.0,0.660931971543979,-1.0,1.0
21,-0.6190476190476191,-0.047619047619047616,1.302389460852082,-1.0,0.683341841804463,-1.0,1.0
22,-0.6363636363636364,-0.09090909090909091,1.2491472128322665,-1.0,0.6127835764686301,-1.0,1.0
23,-0.6521739130434783,-0.08695652173913043,1.2005141322439703,-1.0,0.548340219200492,-1.0,1.0
24,-0.6666666666666666,-0.125,1.1559143018037255,-1.0,0.4892476351370588,-1.0,1.0
25,-0.6,-0.08,1.114863946714772,-1.0,0.5148639467147721,-1.0,1.0
26,-0.5384615384615384,-0.038461538461538464,1.076953715070353,-1.0,0.5384921766088145,-1.0,1.0
27,-0.5555555555555556,-0.037037037037037035,1.0418348959413817,-1.0,0.4862793403858261,-1.0,1.0
28,-0.5714285714285714,-0.03571428571428571,1.0092085907275499,-1.0,0.4377800192989785,-1.0,0.9734943050132642
29,-0.5517241379310345,-0.034482758620689655,0.9788171249153199,-1.0,0.42709298698428544,-1.0,0.9443343662946303
30,-0.5666666666666667,-0.03333333333333333,0.9504371774813313,-1.0,0.3837705108146646,-0.9837705108146646,0.917103844147998
31,-0.5806451612903226,-0.03225806451612903,0.9238742400859197,-1.0,0.34322907879559705,-0.9561323046020487,0.8916161755697907
32,-0.59375,-0.03125,0.8989581151652786,-1.0,0.30520811516527857,-0.9302081151652786,0.8677081151652786
33,-0.5454545454545454,0.0,0.8755392325499204,-1.0,0.330084687095375,-0.8755392325499204,0.8755392325499204
34,-0.5,0.029411764705882353,0.8534856160894154,-1.0,0.3534856160894154,-0.8240738513835331,0.8828973807952978
35,-0.5142857142857142,0.02857142857142857,0.8326803702822385,-1.0,0.3183946559965243,-0.8041089417108099,0.8612517988536671
36,-0.5,0.027777777777777776,0.8130195857987004,-1.0,0.3130195857987004,-0.7852418080209226,0.8407973635764782
37,-0.4864864864864865,0.02702702702702703,0.794410584646995,-1.0,0.3079240981605085,-0.7673835576199679,0.8214376116740221
38,-0.47368421052631576,0.02631578947368421,0.7767704424165977,-1.0,0.3030862318902819,-0.7504546529429135,0.8030862318902818
39,-0.48717948717948717,0.0,0.760024737867243,-1.0,0.27284525068775584,-0.760024737867243,0.760024737867243
40,-0.5,-0.025,0.7441064900780697,-1.0,0.24410649007806973,-0.7691064900780697,0.7191064900780697
41,-0.5121951219512195,-0.024390243902439025,0.7289552511345186,-1.0,0.21676012918329912,-0.7533454950369577,0.7045650072320796
42,-0.5238095238095238,-0.047619047619047616,0.7145163284300781,-1.0,0.19070680462055423,-0.7621353760491256,0.6668972808110305
43,-0.4883720930232558,-0.023255813953488372,0.7007401154828344,-1.0,0.21236802245957864,-0.7239959294363228,0.677484301529346
44,-0.5,-0.022727272727272728,0.6875815140031528,-1.0,0.18758151400315282,-0.7103087867304255,0.6648542412758801
45,-0.4666666666666667,-0.022222222222222223,0.6749994330179118,-1.0,0.2083327663512451,-0.697221655240134,0.6527772107956895
46,-0.4782608695652174,-0.021739130434782608,0.6629563533253332,-1.0,0.1846954837601158,-0.6846954837601158,0.6412172228905506
47,-0.44680851063829785,-0.02127659574468085,0.6514179475503564,-1.0,0.20460943691205857,-0.6726945432950373,0.6301413518056755
48,-0.4583333333333333,-0.020833333333333332,0.6403527476921794,-1.0,0.1820194143588461,-0.6611860810255128,0.619519414358846
49,-0.46938775510204084,-0.02040816326530612,0.6297318533794022,-1.0,0.16034409827736135,-0.6501400166447083,0.609323690114096
50,-0.48,-0.02,0.6195286751337413,-1.0,0.13952867513374134,-0.6395286751337413,0.5995286751337413
51,-0.49019607843137253,-0.0196078431372549,0.6097187078372447,-1.0,0.11952262940587216,-0.6293265509744996,0.5901108646999897
52,-0.4807692307692308,-0.019230769230769232,0.600279330337178,-1.0,0.11951009956794717,-0.6195100995679472,0.5810485611064087
53,-0.49056603773584906,-0.018867924528301886,0.5911896277364629,-1.0,0.10062359000061383,-0.6100575522647648,0.572321703208161
54,-0.5,-0.018518518518518517,0.582430233428972,-1.0,0.08243023342897204,-0.6009487519474905,0.5639117149104536
55,-0.509090909090909,-0.01818181818181818,0.5739831883667197,-1.0,0.06489227927581065,-0.5921650065485379,0.5558013701849015
56,-0.5178571428571429,-0.017857142857142856,0.5658318154049837,-1.0,0.047974672547840824,-0.5836889582621266,0.5479746725478408
57,-0.5263157894736842,-0.017543859649122806,0.5579606068737029,-1.0,0.03164481740001868,-0.5755044665228257,0.54041674722458
58,-0.5344827586206896,-0.034482758620689655,0.5503551237788924,-1.0,0.015872365158202784,-0.584837882399582,0.5158723651582028
59,-0.5423728813559322,-0.03389830508474576,0.5430019052542646,-1.0,0.0006290238983324148,-0.5769002103390104,0.5091036001695188
60,-0.55,-0.03333333333333333,0.5358883870672124,-1.0,-0.01411161293278762,-0.5692217204005457,0.5025550537338791
61,-0.5573770491803278,-0.03278688524590164,0.5290028281401474,-1.0,-0.028374221040180392,-0.5617897133860491,0.4962159428942458
62,-0.5645161290322581,-0.03225806451612903,0.522334244182247,-1.0,-0.042181884850011064,-0.5545923086983761,0.49007617966611805
63,-0.5714285714285714,-0.031746031746031744,0.5158723476415805,-1.0,-0.05555622378699088,-0.5476183793876123,0.4841263158955488
64,-0.578125,-0.046875,0.5096074932863347,-1.0,-0.0685175067136653,-0.5564824932863347,0.4627324932863347
65,-0.5846153846153846,-0.046153846153846156,0.503530628808942,-1.0,-0.0810847558064427,-0.549684474962788,0.4573767826550958
66,-0.5909090909090909,-0.045454545454545456,0.49763324992038943,-1.0,-0.09327584098870151,-0.5430877953749349,0.45217870446584396
67,-0.5970149253731343,-0.04477611940298507,0.49190735946559877,-1.0,-0.1051075659075355,-0.5366834788685838,0.4471312400626137
68,-0.5882352941176471,-0.04411764705882353,0.48634543014595233,-1.0,-0.10188986397169475,-0.5304630772047758,0.4422277830871288
69,-0.5942028985507246,-0.057971014492753624,0.4809403704830333,-1.0,-0.11326252806769133,-0.538911384975787,0.4229693559902797
70,-0.6,-0.05714285714285714,0.4756854936994687,-1.0,-0.12431450630053126,-0.5328283508423258,0.41854263655661156
71,-0.6056338028169014,-0.056338028169014086,0.4705744892292838,-1.0,-0.13505931358761758,-0.5269125173982979,0.41423646106026973
72,-0.5972222222222222,-0.05555555555555555,0.46560139660212596,-1.0,-0.13162082562009625,-0.5211569521576815,0.4100458410465704
73,-0.6027397260273972,-0.0547945205479452,0.46076058147373905,-1.0,-0.14197914455365818,-0.5155551020216842,0.40596606092579385
74,-0.6081081081081081,-0.06756756756756757,0.4560467135996707,-1.0,-0.15206139450843742,-0.5236142811672383,0.3884791460321031
75,-0.6133333333333333,-0.06666666666666667,0.45145474657084994,-1.0,-0.16187858676248335,-0.5181214132375166,0.3847880799041833
76,-0.5921052631578947,-0.05263157894736842,0.446979899148768,-1.0,-0.14512536400912668,-0.49961147809613643,0.3943483202013996
77,-0.5974025974025974,-0.05194805194805195,0.4426176380548478,-1.0,-0.1547849593477496,-0.49456569000289974,0.3906695861067958
78,-0.5769230769230769,-0.038461538461538464,0.4383636620835053,-1.0,-0.13855941483957157,-0.47682520054504374,0.39990212362196687
79,-0.5822784810126582,-0.0379746835443038,0.43421388742162054,-1.0,-0.14806459359103769,-0.4721885709659243,0.39623920387731676
80,-0.5875,-0.0375,0.43016443406886173,-1.0,-0.1573355659311383,-0.4676644340688617,0.39266443406886176
81,-0.5679012345679012,-0.024691358024691357,0.4262116132637332,-0.9941128478316343,-0.141689621304168,-0.45090297128842455,0.40152025523904183
82,-0.573170731707317,-0.024390243902439025,0.42235191582949855,-0.9955226475368155,-0.15081881587781848,-0.4467421597319376,0.3979616719270595
83,-0.5783132530120482,-0.024096385542168676,0.4185820013624035,-0.9968952543744516,-0.1597312516496447,-0.4426783869045722,0.3944856158202348
84,-0.5833333333333334,-0.03571428571428571,0.41489868819201076,-0.9982320215253442,-0.16843464514132261,-0.45061297390629645,0.37918440247772506
85,-0.5882352941176471,-0.047058823529411764,0.4112989440500689,-0.9995342381677159,-0.17693635006757819,-0.45835776757948066,0.36424012052065713
86,-0.5813953488372093,-0.046511627906976744,0.40777987739024313,-0.9891752262274525,-0.1736154714469662,-0.45429150529721984,0.3612682494832664
87,-0.5862068965517241,-0.04597701149425287,0.40433872930634923,-0.9905456258580734,-0.18186816724537486,-0.4503157408006021,0.35836171781209636
88,-0.5909090909090909,-0.045454545454545456,0.40097286600148324,-0.9918819569105741,-0.1899362249076077,-0.4464274114560287,0.35551832054693777
89,-0.5955056179775281,-0.0449438202247191,0.3976797717647216,-0.9931853897422497,-0.19782584621280652,-0.4426235919894407,0.3527359515400025
90,-0.6,-0.044444444444444446,0.39445704241592017,-0.9944570424159201,-0.2055429575840798,-0.4389014868603646,0.3500125979714757
91,-0.5934065934065934,-0.04395604395604396,0.39130237918260546,-0.9847089725891989,-0.20210421422398794,-0.43525842313864943,0.3473463352265615
92,-0.5978260869565217,-0.043478260869565216,0.38821358297608627,-0.9860396699326079,-0.20961250398043546,-0.4316918438456515,0.344735322106521
93,-0.6021505376344086,-0.043010752688172046,0.38518854903673844,-0.9873390866711471,-0.21696198859767019,-0.4281993017249105,0.3421777963485664
94,-0.5851063829787234,-0.031914893617021274,0.3822252619209771,-0.9673316448997005,-0.2028811210577463,-0.4141401555379984,0.35031036830395584
95,-0.5684210526315789,-0.021052631578947368,0.3793217908047388,-0.9477428434363178,-0.18909926182684011,-0.4003744223836862,0.35826915922579144
96,-0.5729166666666666,-0.03125,0.3764762850803997,-0.9493929517470663,-0.19644038158626692,-0.4077262850803997,0.3452262850803997
97,-0.5773195876288659,-0.030927835051546393,0.373686970225956,-0.9510065578548219,-0.20363261740290994,-0.4046148052775024,0.3427591351744096
98,-0.5816326530612245,-0.030612244897959183,0.3709521439270222,-0.9525847969882466,-0.21068050913420228,-0.40156438882498136,0.34033989902906303
99,-0.5858585858585859,-0.030303030303030304,0.3682701724337729,-0.9541287582923588,-0.21758841342481294,-0.3985732027368032,0.33796714213074264
100,-0.57,-0.02,0.3656394871363849,-0.9356394871363849,-0.20436051286361506,-0.3856394871363849,0.34563948713638487
101,-0.5742574257425742,-0.019801980198019802,0.3630585813438384,-0.9373160070864126,-0.21119884439873582,-0.3828605615418582,0.3432566011458186
102,-0.5588235294117647,-0.00980392156862745,0.36052600725212286,-0.9193495366638875,-0.19829752215964186,-0.37032992882075033,0.3507220856834954
103,-0.5631067961165048,-0.009708737864077669,0.3580403730889784,-0.9211471692054832,-0.20506642302752642,-0.36774911095305607,0.34833163522490074
104,-0.5673076923076923,-0.019230769230769232,0.35560034042329075,-0.9229080327309831,-0.21170735188440154,-0.37483110965405997,0.33636957119252153
105,-0.5714285714285714,-0.01904761904761905,0.3532046216281671,-0.9246331930567385,-0.21822394980040427,-0.37225224067578616,0.3341570025805481
106,-0.5754716981132075,-0.02830188679245283,0.3508519774875436,-0.9263236756007511,-0.22461972062566393,-0.3791538642799964,0.3225500906950908
107,-0.5794392523364486,-0.028037383177570093,0.34854121493693807,-0.9279804672733867,-0.23089803739951048,-0.37657859811450817,0.320503831759368
108,-0.5833333333333334,-0.027777777777777776,0.3462711849296541,-0.9296045182629875,-0.23706214840367928,-0.3740489627074319,0.3184934071518763
109,-0.5871559633027523,-0.03669724770642202,0.34404078042038155,-0.9311967437231339,-0.24311518288237077,-0.3807380281268036,0.30734353271395953
110,-0.5909090909090909,-0.03636363636363636,0.3418489344587251,-0.932758025367816,-0.24906015645036583,-0.3782125708223615,0.30548529809508873
111,-0.5765765765765766,-0.02702702702702703,0.33969461838572923,-0.9162711949623058,-0.23688195819084734,-0.36672164541275626,0.3126675913587022
112,-0.5803571428571429,-0.03571428571428571,0.33757684012696354,-0.9179339829841064,-0.24278030273017936,-0.37329112584124924,0.30186255441267784
113,-0.584070796460177,-0.035398230088495575,0.33549464257618944,-0.9195654390363664,-0.24857615388398757,-0.370892872664685,0.30009641248769386
114,-0.5877192982456141,-0.03508771929824561,0.3334471020640458,-0.9211664003096599,-0.25427219618156827,-0.36853482136229143,0.2983593827658002
115,-0.591304347826087,-0.043478260869565216,0.3314333269065813,-0.9227376747326683,-0.2598710209195057,-0.3749115877761465,0.28795506603701604
116,-0.5948275862068966,-0.04310344827586207,0.32945245602881496,-0.9242800422357116,-0.2653751301780816,-0.372555904304677,0.2863490077529529
117,-0.5982905982905983,-0.05128205128205128,0.3275036576588388,-0.9257942559494371,-0.27078694063175945,-0.3787857089408901,0.27622160637678755
118,-0.6016949152542372,-0.059322033898305086,0.3255861280882772,-0.9272810433425145,-0.27610878716596005,-0.3849081619865823,0.2662640941899721
119,-0.6050420168067226,-0.058823529411764705,0.3236990904952021,-0.9287411073019247,-0.2813429263115205,-0.38252261990696684,0.2648755610834374
120,-0.6083333333333333,-0.06666666666666667,0.3218417938258614,-0.9301751271591947,-0.28649153950747186,-0.3885084604925281,0.25517512715919477
121,-0.6115702479338843,-0.06611570247933884,0.32001351173181874,-0.9315837596657031,-0.2915567362020655,-0.3861292142111576,0.2538978092524799
122,-0.6147540983606558,-0.06557377049180328,0.31821354155932696,-0.9329676399199827,-0.2965405568013288,-0.38378731205113026,0.25263977106752367
123,-0.6178861788617886,-0.07317073170731707,0.316441203387963,-0.9343273822497516,-0.30144497547382565,-0.3896119350952801,0.24327047168064592
124,-0.6048387096774194,-0.06451612903225806,0.31469583911574484,-0.9195345487931642,-0.29014287056167454,-0.3792119681480029,0.2501797100834868
125,-0.608,-0.064,0.3129768115881272,-0.9209768115881272,-0.2950231884118728,-0.3769768115881272,0.24897681158812718
126,-0.6111111111111112,-0.06349206349206349,0.31128350376844055,-0.9223946148795517,-0.2998276073426706,-0.37477556726050404,0.24779144027637706
127,-0.6062992125984252,-0.06299212598425197,0.3096153179474892,-0.9159145305459144,-0.29668389465093603,-0.37260744393174117,0.24662319196323723
128,-0.59375,-0.0546875,0.3079716749901673,-0.9017216749901673,-0.2857783250098327,-0.3626591749901673,0.2532841749901673
129,-0.5968992248062015,-0.05426356589147287,0.3063520136170861,-0.9032512384232876,-0.2905472111891154,-0.36061557950855894,0.25208844772561323
130,-0.6,-0.05384615384615385,0.3047557897193264,-0.9047557897193264,-0.2952442102806736,-0.35860194356548025,0.2509096358731725
131,-0.5954198473282443,-0.05343511450381679,0.30318247570454804,-0.8986023230327923,-0.29223737162369623,-0.3566175902083648,0.24974736120073124
132,-0.5833333333333334,-0.045454545454545456,0.3016315598727936,-0.8849648932061269,-0.28170177346053976,-0.3470861053273391,0.25617701441824814
133,-0.5864661654135338,-0.045112781954887216,0.3001025458204245,-0.8865687112339583,-0.2863636195931093,-0.3452153277753117,0.2549897638655373
134,-0.5746268656716418,-0.03731343283582089,0.29859495187071977,-0.8732218175423616,-0.276031913800922,-0.33590838470654066,0.2612815190348989
135,-0.5777777777777777,-0.037037037037037035,0.2971083105297569,-0.8748860883075347,-0.28066946724802083,-0.3341453475667939,0.26007127349271986
136,-0.5808823529411765,-0.04411764705882353,0.29564216796627246,-0.876524520907449,-0.28524018497490405,-0.339759815025096,0.2515245209074489
137,-0.583941605839416,-0.043795620437956206,0.2941960835142795,-0.8781376893536955,-0.2897455223251365,-0.3379917039522357,0.2504004630763233
138,-0.572463768115942,-0.036231884057971016,0.29276962919728605,-0.865233397313228,-0.27969413891865597,-0.32900151325525706,0.25653774513931504
139,-0.5755395683453237,-0.03597122302158273,0.2913623892730294,-0.8669019576183531,-0.28417717907229434,-0.3273336122946121,0.25539116625144664
140,-0.5785714285714286,-0.03571428571428571,0.2899739597976993,-0.8685453883691279,-0.2885974687737293,-0.325688245511985,0.2542596740834136
141,-0.5815602836879432,-0.0425531914893617,0.2886039482086841,-0.8701642318966274,-0.2929563354792591,-0.33115713969804583,0.24605075671932242
142,-0.5845070422535211,-0.04225352112676056,0.2872519729249264,-0.8717590151784476,-0.29725506932859475,-0.32950549405168694,0.24499845179816582
143,-0.5874125874125874,-0.04195804195804196,0.2859176629640268,-0.8733302503766143,-0.3014949244485606,-0.3278757049220688,0.24395962100598487
144,-0.5902777777777778,-0.04861111111111111,0.28460065757528336,-0.8748784353530612,-0.30567712020249443,-0.33321176868639446,0.23598954646417225
145,-0.593103448275862,-0.05517241379310345,0.2833006058878953,-0.8764040541637573,-0.30980284238796674,-0.33847301968099874,0.22812819209479185
146,-0.5958904109589042,-0.06164383561643835,0.282017166573607,-0.8779075775325111,-0.3138732443852972,-0.34366100219004536,0.22037333095716863
147,-0.5986394557823129,-0.061224489795918366,0.28075000752310314,-0.879389463305416,-0.3178894482592098,-0.3419744973190215,0.21952551772718476
148,-0.5878378378378378,-0.05405405405405406,0.2794988055355061,-0.8673366433733439,-0.30833903230233173,-0.33355285958956016,0.22544475148145204
149,-0.5906040268456376,-0.06040268456375839,0.2782632460203599,-0.8688672728659975,-0.3123407808252777,-0.3386659305841183,0.21786056145660151
150,-0.58,-0.05333333333333334,0.2770430227115183,-0.8570430227115182,-0.30295697728848164,-0.33037635604485166,0.22370968937818497
151,-0.5827814569536424,-0.059602649006622516,0.27583783739238615,-0.8586192943460285,-0.3069436195612562,-0.3354404863990087,0.21623518838576364
152,-0.5855263157894737,-0.05921052631578947,0.27464739963199064,-0.8601737154214644,-0.31087891615748303,-0.33385792594778013,0.21543687331620118
153,-0.5882352941176471,-0.058823529411764705,0.2734714265313883,-0.8617067206490354,-0.3147638675862588,-0.332294955943153,0.21464789711962357
154,-0.5909090909090909,-0.06493506493506493,0.2723096424799369,-0.8632187333890278,-0.31859944842915405,-0.3372447074150018,0.20737457754487196
155,-0.5935483870967742,-0.07096774193548387,0.2711617789209885,-0.8647101660177627,-0.3223866081757856,-0.3421295208564724,0.20019403698550464
156,-0.5961538461538461,-0.07051282051282051,0.27002757412658046,-0.8661814202804266,-0.3261262720272657,-0.340540394639401,0.19951475361375995
157,-0.5987261146496815,-0.07006369426751592,0.2689067729807232,-0.8676328876304047,-0.3298193416689583,-0.3389704672482391,0.19884307871320728
158,-0.6012658227848101,-0.0759493670886076,0.26779912677090506,-0.8690649495557152,-0.33346669601390505,-0.34374849385951267,0.19184975968229745
159,-0.6037735849056604,-0.07547169811320754,0.26670439298745174,-0.8704779778931121,-0.3370691919182086,-0.3421760911006593,0.1912326948742442
160,-0.60625,-0.075,0.2656223351303978,-0.8718723351303977,-0.34062766486960216,-0.3406223351303978,0.19062233513039778
161,-0.5962732919254659,-0.06832298136645963,0.2645527225235431,-0.860826014449009,-0.33172056940192274,-0.33287570389000276,0.19622974115708347
162,-0.5987654320987654,-0.06790123456790123,0.26349533013538534,-0.8622607622341507,-0.3352701019633801,-0.3313965647032866,0.1955940955674841
163,-0.6012269938650306,-0.06748466257668712,0.26244993840663106,-0.8636769322716618,-0.3387770554583996,-0.32993460098331817,0.19496527582994394
164,-0.5914634146341463,-0.06097560975609756,0.26141633308400775,-0.852879747718154,-0.33004708155013857,-0.3223919428401053,0.2004407233279102
165,-0.593939393939394,-0.06666666666666667,0.26039430506010736,-0.8543336989995014,-0.33354508887928663,-0.327060971726774,0.1937276383934407
166,-0.5843373493975904,-0.060240963855421686,0.25938365021900883,-0.8437209996165993,-0.3249536991785816,-0.31962461407443055,0.19914268636358715
167,-0.5868263473053892,-0.059880239520958084,0.258384169287436,-0.8452105165928252,-0.32844217801795317,-0.31826440880839413,0.19850392976647793
168,-0.5773809523809523,-0.05357142857142857,0.2573956676912227,-0.834776620072175,-0.31998528468972964,-0.31096709626265123,0.2038242391197941
169,-0.5680473372781065,-0.047337278106508875,0.25641795541686246,-0.8244652926949689,-0.31162938186124406,-0.30375523352337136,0.2090806773103536
170,-0.5705882352941176,-0.047058823529411764,0.25545084687793673,-0.8260390821720544,-0.3151373884161809,-0.3025096704073485,0.20839202334852497
171,-0.5614035087719298,-0.04093567251461988,0.25449416078621984,-0.8158976695581497,-0.30690934798570996,-0.2954298333008397,0.21355848827159996
172,-0.563953488372093,-0.046511627906976744,0.25354772002727144,-0.8175012083993645,-0.3104057683448216,-0.30005934793424816,0.2070360921202947
173,-0.5664739884393064,-0.046242774566473986,0.25261135154033515,-0.8190853399796416,-0.31386263689897126,-0.2988541261068091,0.20636857697386116
174,-0.5574712643678161,-0.040229885057471264,0.25168488620236984,-0.809156150570186,-0.3057863781654463,-0.2919147712598411,0.21145500114489857
175,-0.5485714285714286,-0.03428571428571429,0.2507681587160491,-0.7993395872874778,-0.29780326985537947,-0.28505387300176344,0.21648244443033485
176,-0.5511363636363636,-0.03977272727272727,0.2498610075015705,-0.8009973711379341,-0.30127535613479317,-0.28963373477429777,0.21008828022884324
177,-0.5536723163841808,-0.03954802259887006,0.24896327459212436,-0.8026355909763052,-0.30470904179205643,-0.28851129719099444,0.2094152519932543
178,-0.5561797752808989,-0.03932584269662921,0.24807480553287894,-0.8042545808137779,-0.30810496974801993,-0.28740064822950817,0.20874896283624972
179,-0.5586592178770949,-0.03910614525139665,0.24719544928334344,-0.8058546671604384,-0.31146376859375147,-0.2863015945347401,0.2080893040319468
180,-0.5611111111111111,-0.03888888888888889,0.24632505812297875,-0.8074361692340899,-0.31478605298813234,-0.28521394701186764,0.20743616923408986
181,-0.56353591160221,-0.04419889502762431,0.24546348755992986,-0.8089993991621398,-0.3180724240422801,-0.28966238258755417,0.20126459253230555
182,-0.5659340659340659,-0.04395604395604396,0.24461059624275996,-0.8105446621768259,-0.321323469691306,-0.2885666401988039,0.200654552286716
183,-0.5573770491803278,-0.03825136612021858,0.24376624587507204,-0.8011432950553998,-0.3136108033052558,-0.28201761199529063,0.20551487975485344
184,-0.5597826086956522,-0.03804347826086957,0.24293030113290778,-0.80271290982856,-0.3168523075627444,-0.2809737793937773,0.20488682287203822
185,-0.5513513513513514,-0.032432432432432434,0.2421026295848191,-0.7934539809361705,-0.3092487217665323,-0.27453506201725153,0.20967019715238666
186,-0.543010752688172,-0.026881720430107527,0.24128310161451144,-0.7842938543026834,-0.30172765107366056,-0.26816482204461894,0.2144013811844039
187,-0.5347593582887701,-0.0213903743315508,0.24047159034596335,-0.7752309486347334,-0.29428776794280675,-0.26186196467751416,0.21908121601441255
188,-0.5372340425531915,-0.026595744680851064,0.23966797157092973,-0.7769020141241212,-0.2975660709822618,-0.2662637162517808,0.21307222689007865
189,-0.5396825396825397,-0.031746031746031744,0.2388721236787404,-0.7785546633612801,-0.30081041600379926,-0.27061815542477213,0.20712609193270864
190,-0.531578947368421,-0.02631578947368421,0.23808392758831048,-0.7696628749567316,-0.29349501978011056,-0.2643997170619947,0.21176813811462628
191,-0.5235602094240838,-0.020942408376963352,0.23730326668228047,-0.7608634761063642,-0.2862569427418033,-0.25824567505924384,0.21636085830531712
192,-0.5260416666666666,-0.026041666666666668,0.2365300267432093,-0.762571693409876,-0.2895116399234573,-0.26257169340987596,0.21048836007654265
193,-0.5181347150259067,-0.02072538860103627,0.23576409589174532,-0.753898810917652,-0.2823706191341614,-0.2564894844927816,0.21503870729070906
194,-0.520618556701031,-0.02577319587628866,0.2350053645267052,-0.7556239212277361,-0.2856131921743258,-0.26077856040299385,0.20923216865041655
195,-0.517948717948718,-0.02564102564102564,0.23425372526699034,-0.7522024432157084,-0.28369499268172765,-0.259894750908016,0.2086126996259647
196,-0.5204081632653061,-0.025510204081632654,0.23350907289527736,-0.7539172361605835,-0.2868990903700288,-0.25901927697691,0.2079988688136447
197,-0.5126903553299492,-0.02030456852791878,0.2327713043034183,-0.7454616596333675,-0.2799190510265309,-0.2530758728313371,0.21246673577549952
198,-0.5050505050505051,-0.015151515151515152,0.2320403184394908,-0.7370908234899959,-0.2730101866110143,-0.24719183359100594,0.21688880328797566
199,-0.507537688442211,-0.020100502512562814,0.23131601625644005,-0.7388537046986511,-0.276221672185771,-0.25141651876900284,0.21121551374387723
200,-0.5,-0.015,0.230598300662257,-0.730598300662257,-0.269401699337743,-0.24559830066225702,0.215598300662257
201,-0.5024875621890548,-0.014925373134328358,0.2298870764716396,-0.7323746386606944,-0.27260048571741513,-0.24481244960596796,0.21496170333731127
202,-0.49504950495049505,-0.009900990099009901,0.22918225035908515,-0.7242317553095802,-0.2658672545914099,-0.23908324045809506,0.21928126026007524
203,-0.4975369458128079,-0.009852216748768473,0.22848373081336532,-0.7260206766261732,-0.26905321499944257,-0.23833594756213378,0.21863151406459685
204,-0.49019607843137253,-0.004901960784313725,0.22779142809333558,-0.7179875065247081,-0.26240465033803695,-0.23269338887764932,0.22288946730902184
205,-0.4926829268292683,-0.004878048780487805,0.2271052541850346,-0.7197881810143029,-0.2655776726442337,-0.23198330296552241,0.2222272054045468
206,-0.49029126213592233,-0.0048543689320388345,0.22642512276002863,-0.716716384895951,-0.2638661393758937,-0.23127949169206746,0.2215707538279898
207,-0.4927536231884058,-0.00966183574879227,0.2257509491349597,-0.7185045723233655,-0.26700267405344613,-0.23541278488375195,0.21608911338616743
208,-0.4951923076923077,-0.009615384615384616,0.2250826502322572,-0.7202749579245649,-0.2701096574600505,-0.23469803484764182,0.2154672656168726
209,-0.4880382775119617,-0.004784688995215311,0.2244201445419734,-0.7124584220539352,-0.2636181329699883,-0.2292048335371887,0.2196354555467581
210,-0.49047619047619045,-0.004761904761904762,0.2237633520847058,-0.7142395425608963,-0.26671283839148463,-0.22852525684661057,0.21900144732280102
211,-0.4834123222748815,0.0,0.22311219437557064,-0.7065245166504521,-0.2603001278993109,-0.22311219437557064,0.22311219437557064
212,-0.4858490566037736,0.0,0.2224665943891919,-0.7083156509929655,-0.2633824622145817,-0.2224665943891919,0.2224665943891919
213,-0.48826291079812206,0.0,0.2218264765256742,-0.7100893873237962,-0.2664364342724479,-0.2218264765256742,0.2218264765256742
214,-0.49065420560747663,0.0,0.22119176657752554,-0.7118459721850021,-0.2694624390299511,-0.22119176657752554,0.22119176657752554
215,-0.4930232558139535,0.0,0.22056239169750036,-0.7135856475114539,-0.27246086411645315,-0.22056239169750036,0.22056239169750036
216,-0.4861111111111111,0.004629629629629629,0.21993828036733265,-0.7060493914784438,-0.26617283074377845,-0.21530865073770303,0.22456790999696227
217,-0.48847926267281105,0.004608294930875576,0.21931936236733046,-0.7077986250401416,-0.2691599003054806,-0.21471106743645488,0.22392765729820605
218,-0.4908256880733945,0.0045871559633027525,0.21870556874680436,-0.7095312568201988,-0.27212011932659014,-0.2141184127835016,0.2232927247101071
219,-0.4931506849315068,0.0045662100456621,0.218096831795303,-0.7112475167268099,-0.2750538531362038,-0.2135306217496409,0.2226630418409651
220,-0.4954545454545455,0.004545454545454545,0.2174930850146304,-0.7129476304691759,-0.2779614604399151,-0.21294763046917586,0.22203853956008496
221,-0.497737556561086,0.004524886877828055,0.21689426309162002,-0.714631819652706,-0.28084329346946596,-0.21236937621379195,0.2214191499694481
222,-0.49099099099099097,0.009009009009009009,0.21630030187164212,-0.7072912928626331,-0.27469068911934885,-0.20729129286263312,0.22530931088065112
223,-0.49327354260089684,0.008968609865470852,0.21571113833282096,-0.7089846809337178,-0.2775624042680759,-0.2067425284673501,0.2246797481982918
224,-0.48660714285714285,0.013392857142857142,0.21512671056094024,-0.701733853418083,-0.2714804322962026,-0.2017338534180831,0.2285195677037974
225,-0.4888888888888889,0.013333333333333334,0.21454695772501492,-0.7034358466139038,-0.27434193116387395,-0.20121362439168158,0.22788029105834826
226,-0.4911504424778761,0.01327433628318584,0.21397182005350926,-0.7051222625313853,-0.27717862242436686,-0.20069748377032343,0.2272461563366951
227,-0.4845814977973568,0.01762114537444934,0.21340123881118067,-0.6979827366085375,-0.27118025898617615,-0.19578009343673133,0.23102238418563
228,-0.4868421052631579,0.017543859649122806,0.21283515627653102,-0.6996772615396889,-0.2740069489866269,-0.1952912966274082,0.23037901592565382
229,-0.4890829694323144,0.017467248908296942,0.21227351571984576,-0.7013564851521601,-0.2768094537124686,-0.19480626681154883,0.2297407646281427
230,-0.4826086956521739,0.021739130434782608,0.21171626138180416,-0.694324957033978,-0.27089243427036974,-0.18997713094702157,0.23345539181658675
231,-0.4805194805194805,0.021645021645021644,0.21116333845264249,-0.691682818972123,-0.269356142066838,-0.18951831680762085,0.23280836009766412
232,-0.4827586206896552,0.021551724137931036,0.21061469305185396,-0.6933733137415091,-0.27214392763780126,-0.18906296891392294,0.23216641718978498
233,-0.48497854077253216,0.02145922746781116,0.21007027220840932,-0.6950488129809415,-0.27490826856412287,-0.18861104474059817,0.23152949967622047
234,-0.48717948717948717,0.017094017094017096,0.20953002384148234,-0.6967095110209696,-0.27764946333800483,-0.19243600674746525,0.22662404093549943
235,-0.48936170212765956,0.01702127659574468,0.20899389674166546,-0.6983555988693251,-0.2803678053859941,-0.19197262014592079,0.22601517333741014
236,-0.4830508474576271,0.0211864406779661,0.20846184055266084,-0.691512688010288,-0.27458900690496624,-0.18727539987469474,0.22964828123062694
237,-0.48523206751054854,0.02109704641350211,0.2079338057534329,-0.6931658732639814,-0.27729826175711564,-0.1868367593399308,0.229030852166935
238,-0.48739495798319327,0.02100840336134454,0.20740974364080894,-0.6948047016240022,-0.2799852143423843,-0.1864013402794644,0.2284181470021535
239,-0.48535564853556484,0.02092050209205021,0.2068896063125147,-0.6922452548480795,-0.27846604222305016,-0.1859691042204645,0.22781010840456492
240,-0.4791666666666667,0.025,0.20637334665063178,-0.6855400133172984,-0.2727933200160349,-0.1813733466506318,0.23137334665063178
241,-0.48132780082987553,0.024896265560165973,0.20586091830546538,-0.687188719135341,-0.27546688252441015,-0.1809646527452994,0.23075718386563135
242,-0.4834710743801653,0.024793388429752067,0.2053522756798103,-0.6888233500599756,-0.278118798700355,-0.18055888725005823,0.23014566410956236
243,-0.48559670781893005,0.024691358024691357,0.2048473739136032,-0.6904440817325332,-0.28074933390532686,-0.18015601588891184,0.22953873193829455
244,-0.48770491803278687,0.02459016393442623,0.204346168868951,-0.6920510869017379,-0.28335874916383585,-0.17975600493452476,0.22893633280337722
245,-0.4897959183673469,0.024489795918367346,0.2038486171155237,-0.6936445354828706,-0.2859473012518232,-0.17935882119715638,0.22833841303389105
246,-0.483739837398374,0.028455284552845527,0.2033546759163027,-0.6870945133146767,-0.28038516148207127,-0.1748993913634572,0.23180996046914823
247,-0.48582995951417,0.02834008097165992,0.20286430321367235,-0.6886942627278424,-0.28296565630049764,-0.17452422224201244,0.23120438418533226
248,-0.4798387096774194,0.03225806451612903,0.2023774576158477,-0.6822161672932671,-0.2774612520615717,-0.17011939309971866,0.23463552213197672
249,-0.4819277108433735,0.028112449799196786,0.20189409838362668,-0.6838218092270002,-0.2800336124597468,-0.1737816485844299,0.23000654818282346
250,-0.484,0.028,0.20141418541745948,-0.6854141854174595,-0.2825858145825405,-0.17341418541745948,0.22941418541745948
251,-0.4860557768924303,0.027888446215139442,0.20093767924482506,-0.6869934561372554,-0.2851180976476052,-0.1730492330296856,0.2288261254599645
252,-0.4880952380952381,0.027777777777777776,0.20046454100790653,-0.6885597791031446,-0.2876306970873316,-0.17268676323012877,0.2282423187856843
253,-0.4901185770750988,0.02766798418972332,0.1999947324515581,-0.690113309526657,-0.2901238446235407,-0.17232674826183478,0.22766271664128143
254,-0.4881889763779528,0.027559055118110236,0.1995282159115541,-0.6877171922895069,-0.28866076046639866,-0.17196916079344385,0.22708727102966433
255,-0.49019607843137253,0.027450980392156862,0.1990649543031134,-0.6892610327344859,-0.29113112412825914,-0.17161397391095656,0.22651593469527026
256,-0.4921875,0.02734375,0.19860491110969156,-0.6907924111096916,-0.2935825888903084,-0.17126116110969156,0.22594866110969156
257,-0.48638132295719844,0.0311284046692607,0.19814805037203287,-0.6845293733292312,-0.28823327258516557,-0.16701964570277217,0.22927645504129357
258,-0.4883720930232558,0.031007751937984496,0.1976943366774761,-0.686066429700732,-0.2906777563457797,-0.1666865847394916,0.2287020886154606
259,-0.4826254826254826,0.03474903474903475,0.19724373514950644,-0.679869217774989,-0.28538174747597617,-0.1624947004004717,0.23199276989854117
260,-0.4807692307692308,0.03461538461538462,0.19679621143754736,-0.6775654422067782,-0.2839730193316834,-0.16218082682216273,0.231411596052932
261,-0.4827586206896552,0.034482758620689655,0.19635173170698586,-0.6791103523966411,-0.2864068889826693,-0.16186897308629622,0.2308344903276755
262,-0.4847328244274809,0.03435114503816794,0.19591026262942488,-0.6806430870569058,-0.288822561798056,-0.16155911759125693,0.23026140766759282
263,-0.4866920152091255,0.034220532319391636,0.19547177137315708,-0.6821637865822825,-0.2912202438359684,-0.16125123905376543,0.22969230369254873
264,-0.4810606060606061,0.03787878787878788,0.19503622559385356,-0.6760968316544597,-0.2860243804667525,-0.15715743771506568,0.23291501347264143
265,-0.4830188679245283,0.03773584905660377,0.19460359342546274,-0.677622461349991,-0.28841527449906557,-0.15686774436885897,0.2323394424820665
266,-0.4774436090225564,0.041353383458646614,0.19417384347131283,-0.6716174524938692,-0.28326976555124356,-0.15282046001266622,0.23552722692995945
267,-0.4794007490636704,0.04119850187265917,0.1937469447954137,-0.6731476938590841,-0.2856538042682567,-0.15254844292275455,0.23494544666807288
268,-0.48134328358208955,0.03731343283582089,0.1933228669139519,-0.6746661504960414,-0.28802041666813766,-0.156009434078131,0.2306362997497728
269,-0.483271375464684,0.03345724907063197,0.19290157978697461,-0.6761729552516587,-0.2903697956777094,-0.15944433071634265,0.22635882885760658
270,-0.4777777777777778,0.037037037037037035,0.19248305381025713,-0.670260831588035,-0.28529472396752065,-0.1554460167732201,0.22952009084729416
271,-0.4797047970479705,0.03690036900369004,0.1920672598073497,-0.6717720568553202,-0.2876375372406208,-0.15516689080365967,0.22896762881103974
272,-0.48161764705882354,0.03676470588235294,0.19165416902179824,-0.6732718160806218,-0.28996347803702527,-0.1548894631394453,0.2284188749041512
273,-0.4835164835164835,0.03663003663003663,0.19124375310953554,-0.674760236626019,-0.292272730406948,-0.1546137164794989,0.22787378973957217
274,-0.4781021897810219,0.040145985401459854,0.1908359841314378,-0.6689381739124597,-0.28726620564958416,-0.15068999872997793,0.23098196953289765
275,-0.4727272727272727,0.04363636363636364,0.1904308345460428,-0.6631581072733155,-0.28229643818122996,-0.14679447090967915,0.23406719818240643
276,-0.4673913043478261,0.04710144927536232,0.19002827720242513,-0.6574195815502513,-0.27736302714540095,-0.1429268279270628,0.23712972647778746
277,-0.4693140794223827,0.04693140794223827,0.18962828533322523,-0.6589423647556079,-0.27968579408915745,-0.14269687739098696,0.2365596932754635
278,-0.4712230215827338,0.04316546762589928,0.18923083254782766,-0.6604538541305615,-0.2819921890349062,-0.14606536492192837,0.23239630017372695
279,-0.4731182795698925,0.043010752688172046,0.18883589282568508,-0.6619541723955775,-0.2842823867442074,-0.14582514013751302,0.23184664551385714
280,-0.475,0.039285714285714285,0.18844344050978487,-0.6634434405097849,-0.2865565594902151,-0.14915772622407059,0.22772915479549916
281,-0.47686832740213525,0.03914590747330961,0.1880534503002539,-0.6649217777023891,-0.28881487710188136,-0.1489075428269443,0.22719935777356348
282,-0.475177304964539,0.03900709219858156,0.18766589724809882,-0.6628432022126378,-0.28751140771644024,-0.14865880504951726,0.22667298944668038
283,-0.47703180212014135,0.038869257950530034,0.18728075674907807,-0.6643125588692194,-0.2897510453710633,-0.14841149879854804,0.2261500146996081
284,-0.47183098591549294,0.04225352112676056,0.18689800453770267,-0.6587289904531957,-0.2849329813777903,-0.1446444834109421,0.22915152566446323
285,-0.47368421052631576,0.042105263157894736,0.1865176166813623,-0.6602018272076781,-0.28716659384495347,-0.14441235352346757,0.22862287983925703
286,-0.4755244755244755,0.04195804195804196,0.186139569574574,-0.6616640450990495,-0.2893849059499015,-0.14418152761653205,0.22809761153261596
287,-0.47038327526132406,0.04529616724738676,0.18576383993335038,-0.6561471151946745,-0.2846194353279737,-0.1404676726859636,0.23106000718073716
288,-0.4722222222222222,0.04513888888888889,0.18539040478968402,-0.6576126270119063,-0.28683181743253816,-0.14025151590079513,0.23052929367857292
289,-0.4740484429065744,0.04498269896193772,0.18501924148614615,-0.6590676843927206,-0.2890292014204282,-0.14003654252420844,0.23000194044808386
290,-0.47586206896551725,0.04482758620689655,0.184650327670596,-0.6605123966361133,-0.2912117412949212,-0.13982274146369944,0.22947791387749256
291,-0.47079037800687284,0.048109965635738834,0.18428364129099845,-0.6550740192978712,-0.2865067367158744,-0.13617367565525962,0.23239360692673727
292,-0.4726027397260274,0.04794520547945205,0.1839191605903478,-0.6565219003163751,-0.2886835791356796,-0.13597395511089574,0.23186436606979985
293,-0.46757679180887374,0.051194539249146756,0.18355686410169447,-0.6511336559105683,-0.28401992770717926,-0.13236232485254773,0.23475140335084121
294,-0.46938775510204084,0.05102040816326531,0.1831967306432727,-0.6525844857453136,-0.28619102445876815,-0.13217632248000738,0.234217138806538
295,-0.4711864406779661,0.05084745762711865,0.1828387393137264,-0.6540251799916925,-0.2883477013642397,-0.13199128168660776,0.23368619694084505
