scenario,family,cell_kind,rule,replicates,max_pairs,final_running_net_benefit,final_running_success_diff,final_running_compliance_diff,fixed_gate_conditional_null_every_step,looks_with_running_violation,total_looks,ever_deploy_count,ever_deploy_rate,ever_deploy_lo,ever_deploy_hi,E_running_first_count,E_running_first_rate,E_running_first_lo,E_running_first_hi,E_running_any_count,E_running_any_rate,E_running_any_lo,E_running_any_hi,E_current_first_count,E_current_first_rate,E_current_first_lo,E_current_first_hi,mean_pairs_used,mean_pairs_mcse,mean_executions_used,median_pairs_among_deployments
A1_identical_null,A,null,win_only_betting,10000,10000,0.0,0.0,0.0,True,199,199,97,0.0097,0.007958481396960246,0.011818067405325223,97,0.0097,0.007958481396960246,0.011818067405325223,97,0.0097,0.007958481396960246,0.011818067405325223,97,0.0097,0.007958481396960246,0.011818067405325223,9924.56,7.94905218500933,19849.12,1300.0
A1_identical_null,A,null,win_only_normal_mixture,10000,10000,0.0,0.0,0.0,True,199,199,89,0.0089,0.007238518896069928,0.010938644303608623,89,0.0089,0.007238518896069928,0.010938644303608623,89,0.0089,0.007238518896069928,0.010938644303608623,89,0.0089,0.007238518896069928,0.010938644303608623,9925.1,8.026259963395121,19850.2,1050.0
A1_identical_null,A,null,guarded_betting,10000,10000,0.0,0.0,0.0,True,199,199,55,0.0055,0.004228233256266611,0.007151541132332541,55,0.0055,0.004228233256266611,0.007151541132332541,55,0.0055,0.004228233256266611,0.007151541132332541,55,0.0055,0.004228233256266611,0.007151541132332541,9966.145,4.8436410785172495,19932.29,3850.0
A1_identical_null,A,null,guarded_betting_split,10000,10000,0.0,0.0,0.0,True,199,199,15,0.0015,0.0009092618255931228,0.002473584549971443,15,0.0015,0.0009092618255931228,0.002473584549971443,15,0.0015,0.0009092618255931228,0.002473584549971443,15,0.0015,0.0009092618255931228,0.002473584549971443,9990.85,2.4729795288272944,19981.7,3200.0
A1_identical_null,A,null,guarded_normal_mixture,10000,10000,0.0,0.0,0.0,True,199,199,0,0.0,0.0,0.00038399837067659573,0,0.0,0.0,0.00038399837067659573,0,0.0,0.0,0.00038399837067659573,0,0.0,0.0,0.00038399837067659573,10000.0,0.0,20000.0,
A1_identical_null,A,null,guarded_normal_mixture_split,10000,10000,0.0,0.0,0.0,True,199,199,0,0.0,0.0,0.00038399837067659573,0,0.0,0.0,0.00038399837067659573,0,0.0,0.0,0.00038399837067659573,0,0.0,0.0,0.00038399837067659573,10000.0,0.0,20000.0,
A1_identical_null,A,null,guarded_repeated_wald,10000,10000,0.0,0.0,0.0,True,199,199,2686,0.2686,0.26000289574027674,0.2773748187056723,2686,0.2686,0.26000289574027674,0.2773748187056723,2686,0.2686,0.26000289574027674,0.2773748187056723,2686,0.2686,0.26000289574027674,0.2773748187056723,7926.97,36.45447656886599,15853.94,1250.0
A1_identical_null,A,null,guarded_group_bonferroni_wald,10000,10000,0.0,0.0,0.0,True,199,199,222,0.0222,0.01949052144308665,0.0252764273999319,222,0.0222,0.01949052144308665,0.0252764273999319,222,0.0222,0.01949052144308665,0.0252764273999319,222,0.0222,0.01949052144308665,0.0252764273999319,9875.0,9.301478377118338,19750.0,4000.0
A1_identical_null,A,null,guarded_fixed_wald,10000,10000,0.0,0.0,0.0,True,199,199,486,0.0486,0.04455606550831664,0.05299060822073017,486,0.0486,0.04455606550831664,0.05299060822073017,486,0.0486,0.04455606550831664,0.05299060822073017,486,0.0486,0.04455606550831664,0.05299060822073017,10000.0,0.0,20000.0,10000.0
A2_success_boundary,A,null,win_only_betting,10000,10000,0.36369596768729673,-0.029999999999996897,0.0,True,0,199,10000,1.0,0.9996160016293234,1.0,0,0.0,0.0,0.00038399837067659573,0,0.0,0.0,0.00038399837067659573,0,0.0,0.0,0.00038399837067659573,104.58,0.15363059591110115,209.16,100.0
A2_success_boundary,A,null,win_only_normal_mixture,10000,10000,0.36369596768729673,-0.029999999999996897,0.0,True,0,199,10000,1.0,0.9996160016293234,1.0,0,0.0,0.0,0.00038399837067659573,0,0.0,0.0,0.00038399837067659573,0,0.0,0.0,0.00038399837067659573,111.425,0.22543721409740686,222.85,100.0
A2_success_boundary,A,null,guarded_betting,10000,10000,0.36369596768729673,-0.029999999999996897,0.0,True,199,199,38,0.0038,0.002769903124779159,0.005211176858280293,38,0.0038,0.002769903124779159,0.005211176858280293,38,0.0038,0.002769903124779159,0.005211176858280293,38,0.0038,0.002769903124779159,0.005211176858280293,9978.28,3.822136072930841,19956.56,3800.0
A2_success_boundary,A,null,guarded_betting_split,10000,10000,0.36369596768729673,-0.029999999999996897,0.0,True,199,199,13,0.0013,0.0007599118725796528,0.0022230881023331834,13,0.0013,0.0007599118725796528,0.0022230881023331834,13,0.0013,0.0007599118725796528,0.0022230881023331834,13,0.0013,0.0007599118725796528,0.0022230881023331834,9993.395,2.093134586570912,19986.79,4550.0
A2_success_boundary,A,null,guarded_normal_mixture,10000,10000,0.36369596768729673,-0.029999999999996897,0.0,True,199,199,0,0.0,0.0,0.00038399837067659573,0,0.0,0.0,0.00038399837067659573,0,0.0,0.0,0.00038399837067659573,0,0.0,0.0,0.00038399837067659573,10000.0,0.0,20000.0,
A2_success_boundary,A,null,guarded_normal_mixture_split,10000,10000,0.36369596768729673,-0.029999999999996897,0.0,True,199,199,0,0.0,0.0,0.00038399837067659573,0,0.0,0.0,0.00038399837067659573,0,0.0,0.0,0.00038399837067659573,0,0.0,0.0,0.00038399837067659573,10000.0,0.0,20000.0,
A2_success_boundary,A,null,guarded_repeated_wald,10000,10000,0.36369596768729673,-0.029999999999996897,0.0,True,199,199,3052,0.3052,0.2962507468871922,0.31429885887802333,3052,0.3052,0.2962507468871922,0.31429885887802333,3052,0.3052,0.2962507468871922,0.31429885887802333,3052,0.3052,0.2962507468871922,0.31429885887802333,7648.505,38.072704809318445,15297.01,1200.0
A2_success_boundary,A,null,guarded_group_bonferroni_wald,10000,10000,0.36369596768729673,-0.029999999999996897,0.0,True,199,199,217,0.0217,0.01902260420448802,0.02474472863690121,217,0.0217,0.01902260420448802,0.02474472863690121,217,0.0217,0.01902260420448802,0.02474472863690121,217,0.0217,0.01902260420448802,0.02474472863690121,9885.8,8.781562275586356,19771.6,4000.0
A2_success_boundary,A,null,guarded_fixed_wald,10000,10000,0.36369596768729673,-0.029999999999996897,0.0,True,199,199,508,0.0508,0.04666599590665272,0.05527898822956311,508,0.0508,0.04666599590665272,0.05527898822956311,508,0.0508,0.04666599590665272,0.05527898822956311,508,0.0508,0.04666599590665272,0.05527898822956311,10000.0,0.0,20000.0,10000.0
A3_compliance_boundary,A,null,win_only_betting,10000,10000,0.39622952109872756,0.0,-0.010000000000001426,True,0,199,10000,1.0,0.9996160016293234,1.0,0,0.0,0.0,0.00038399837067659573,0,0.0,0.0,0.00038399837067659573,0,0.0,0.0,0.00038399837067659573,102.05,0.10261457011555454,204.1,100.0
A3_compliance_boundary,A,null,win_only_normal_mixture,10000,10000,0.39622952109872756,0.0,-0.010000000000001426,True,0,199,10000,1.0,0.9996160016293234,1.0,0,0.0,0.0,0.00038399837067659573,0,0.0,0.0,0.00038399837067659573,0,0.0,0.0,0.00038399837067659573,106.21,0.1696867407901991,212.42,100.0
A3_compliance_boundary,A,null,guarded_betting,10000,10000,0.39622952109872756,0.0,-0.010000000000001426,True,199,199,38,0.0038,0.002769903124779159,0.005211176858280293,38,0.0038,0.002769903124779159,0.005211176858280293,38,0.0038,0.002769903124779159,0.005211176858280293,38,0.0038,0.002769903124779159,0.005211176858280293,9981.42,3.434389081044874,19962.84,5475.0
A3_compliance_boundary,A,null,guarded_betting_split,10000,10000,0.39622952109872756,0.0,-0.010000000000001426,True,199,199,10,0.001,0.0005432859864972464,0.0018399443874379962,10,0.001,0.0005432859864972464,0.0018399443874379962,10,0.001,0.0005432859864972464,0.0018399443874379962,10,0.001,0.0005432859864972464,0.0018399443874379962,9996.665,1.2827559306034662,19993.33,7200.0
A3_compliance_boundary,A,null,guarded_normal_mixture,10000,10000,0.39622952109872756,0.0,-0.010000000000001426,True,199,199,0,0.0,0.0,0.00038399837067659573,0,0.0,0.0,0.00038399837067659573,0,0.0,0.0,0.00038399837067659573,0,0.0,0.0,0.00038399837067659573,10000.0,0.0,20000.0,
A3_compliance_boundary,A,null,guarded_normal_mixture_split,10000,10000,0.39622952109872756,0.0,-0.010000000000001426,True,199,199,0,0.0,0.0,0.00038399837067659573,0,0.0,0.0,0.00038399837067659573,0,0.0,0.0,0.00038399837067659573,0,0.0,0.0,0.00038399837067659573,10000.0,0.0,20000.0,
A3_compliance_boundary,A,null,guarded_repeated_wald,10000,10000,0.39622952109872756,0.0,-0.010000000000001426,True,199,199,2977,0.2977,0.28881719278233836,0.30673817295843736,2977,0.2977,0.28881719278233836,0.30673817295843736,2977,0.2977,0.28881719278233836,0.30673817295843736,2977,0.2977,0.28881719278233836,0.30673817295843736,7765.305,36.95283684235216,15530.61,1500.0
A3_compliance_boundary,A,null,guarded_group_bonferroni_wald,10000,10000,0.39622952109872756,0.0,-0.010000000000001426,True,199,199,230,0.023,0.02023997548271378,0.02612635896291169,230,0.023,0.02023997548271378,0.02612635896291169,230,0.023,0.02023997548271378,0.02612635896291169,230,0.023,0.02023997548271378,0.02612635896291169,9885.9,8.542137847166906,19771.8,5000.0
A3_compliance_boundary,A,null,guarded_fixed_wald,10000,10000,0.39622952109872756,0.0,-0.010000000000001426,True,199,199,510,0.051,0.046857920608897666,0.055486909927969896,510,0.051,0.046857920608897666,0.055486909927969896,510,0.051,0.046857920608897666,0.055486909927969896,510,0.051,0.046857920608897666,0.055486909927969896,10000.0,0.0,20000.0,10000.0
A4_constant_nb_0p10,A,power,win_only_betting,2000,10000,0.10000000000001588,0.0,0.0,False,0,199,2000,1.0,0.9980829527187469,0.9999999999999998,0,0.0,1.0842021724855044e-19,0.001917047281252934,0,0.0,1.0842021724855044e-19,0.001917047281252934,0,0.0,1.0842021724855044e-19,0.001917047281252934,963.8,12.293281905170808,1927.6,900.0
A4_constant_nb_0p10,A,power,win_only_normal_mixture,2000,10000,0.10000000000001588,0.0,0.0,False,0,199,2000,1.0,0.9980829527187469,0.9999999999999998,0,0.0,1.0842021724855044e-19,0.001917047281252934,0,0.0,1.0842021724855044e-19,0.001917047281252934,0,0.0,1.0842021724855044e-19,0.001917047281252934,923.65,11.862033499784092,1847.3,800.0
A4_constant_nb_0p10,A,power,guarded_betting,2000,10000,0.10000000000001588,0.0,0.0,False,0,199,1917,0.9585,0.9488444508284481,0.9663976168146429,0,0.0,1.0842021724855044e-19,0.001917047281252934,0,0.0,1.0842021724855044e-19,0.001917047281252934,0,0.0,1.0842021724855044e-19,0.001917047281252934,4393.55,50.94303631263059,8787.1,3750.0
A4_constant_nb_0p10,A,power,guarded_betting_split,2000,10000,0.10000000000001588,0.0,0.0,False,0,199,1832,0.916,0.9030311781255179,0.9273738385364797,0,0.0,1.0842021724855044e-19,0.001917047281252934,0,0.0,1.0842021724855044e-19,0.001917047281252934,0,0.0,1.0842021724855044e-19,0.001917047281252934,5360.325,53.46837684264878,10720.65,4650.0
A4_constant_nb_0p10,A,power,guarded_normal_mixture,2000,10000,0.10000000000001588,0.0,0.0,False,0,199,0,0.0,1.0842021724855044e-19,0.001917047281252934,0,0.0,1.0842021724855044e-19,0.001917047281252934,0,0.0,1.0842021724855044e-19,0.001917047281252934,0,0.0,1.0842021724855044e-19,0.001917047281252934,10000.0,0.0,20000.0,
A4_constant_nb_0p10,A,power,guarded_normal_mixture_split,2000,10000,0.10000000000001588,0.0,0.0,False,0,199,0,0.0,1.0842021724855044e-19,0.001917047281252934,0,0.0,1.0842021724855044e-19,0.001917047281252934,0,0.0,1.0842021724855044e-19,0.001917047281252934,0,0.0,1.0842021724855044e-19,0.001917047281252934,10000.0,0.0,20000.0,
A4_constant_nb_0p10,A,power,guarded_repeated_wald,2000,10000,0.10000000000001588,0.0,0.0,False,0,199,2000,1.0,0.9980829527187469,0.9999999999999998,0,0.0,1.0842021724855044e-19,0.001917047281252934,0,0.0,1.0842021724855044e-19,0.001917047281252934,0,0.0,1.0842021724855044e-19,0.001917047281252934,1091.45,21.67111438643615,2182.9,800.0
A4_constant_nb_0p10,A,power,guarded_group_bonferroni_wald,2000,10000,0.10000000000001588,0.0,0.0,False,0,199,1980,0.99,0.9846040615409247,0.9935172321234472,0,0.0,1.0842021724855044e-19,0.001917047281252934,0,0.0,1.0842021724855044e-19,0.001917047281252934,0,0.0,1.0842021724855044e-19,0.001917047281252934,3522.0,43.28692643281572,7044.0,3000.0
A4_constant_nb_0p10,A,power,guarded_fixed_wald,2000,10000,0.10000000000001588,0.0,0.0,False,0,199,1998,0.999,0.9963610657309615,0.9997257210823479,0,0.0,1.0842021724855044e-19,0.001917047281252934,0,0.0,1.0842021724855044e-19,0.001917047281252934,0,0.0,1.0842021724855044e-19,0.001917047281252934,10000.0,0.0,20000.0,10000.0
A5_joint_gain,A,power,win_only_betting,2000,10000,0.23465959354828664,0.05000000000000794,0.0,False,0,199,2000,1.0,0.9980829527187469,0.9999999999999998,0,0.0,1.0842021724855044e-19,0.001917047281252934,0,0.0,1.0842021724855044e-19,0.001917047281252934,0,0.0,1.0842021724855044e-19,0.001917047281252934,185.45,1.7547503383672562,370.9,150.0
A5_joint_gain,A,power,win_only_normal_mixture,2000,10000,0.23465959354828664,0.05000000000000794,0.0,False,0,199,2000,1.0,0.9980829527187469,0.9999999999999998,0,0.0,1.0842021724855044e-19,0.001917047281252934,0,0.0,1.0842021724855044e-19,0.001917047281252934,0,0.0,1.0842021724855044e-19,0.001917047281252934,203.925,1.623013304782187,407.85,200.0
A5_joint_gain,A,power,guarded_betting,2000,10000,0.23465959354828664,0.05000000000000794,0.0,False,0,199,2000,1.0,0.9980829527187469,0.9999999999999998,0,0.0,1.0842021724855044e-19,0.001917047281252934,0,0.0,1.0842021724855044e-19,0.001917047281252934,0,0.0,1.0842021724855044e-19,0.001917047281252934,2080.775,28.569359892855495,4161.55,1700.0
A5_joint_gain,A,power,guarded_betting_split,2000,10000,0.23465959354828664,0.05000000000000794,0.0,False,0,199,2000,1.0,0.9980829527187469,0.9999999999999998,0,0.0,1.0842021724855044e-19,0.001917047281252934,0,0.0,1.0842021724855044e-19,0.001917047281252934,0,0.0,1.0842021724855044e-19,0.001917047281252934,2658.725,33.43628361806228,5317.45,2450.0
A5_joint_gain,A,power,guarded_normal_mixture,2000,10000,0.23465959354828664,0.05000000000000794,0.0,False,0,199,0,0.0,1.0842021724855044e-19,0.001917047281252934,0,0.0,1.0842021724855044e-19,0.001917047281252934,0,0.0,1.0842021724855044e-19,0.001917047281252934,0,0.0,1.0842021724855044e-19,0.001917047281252934,10000.0,0.0,20000.0,
A5_joint_gain,A,power,guarded_normal_mixture_split,2000,10000,0.23465959354828664,0.05000000000000794,0.0,False,0,199,0,0.0,1.0842021724855044e-19,0.001917047281252934,0,0.0,1.0842021724855044e-19,0.001917047281252934,0,0.0,1.0842021724855044e-19,0.001917047281252934,0,0.0,1.0842021724855044e-19,0.001917047281252934,10000.0,0.0,20000.0,
A5_joint_gain,A,power,guarded_repeated_wald,2000,10000,0.23465959354828664,0.05000000000000794,0.0,False,0,199,2000,1.0,0.9980829527187469,0.9999999999999998,0,0.0,1.0842021724855044e-19,0.001917047281252934,0,0.0,1.0842021724855044e-19,0.001917047281252934,0,0.0,1.0842021724855044e-19,0.001917047281252934,455.825,8.86847843136014,911.65,350.0
A5_joint_gain,A,power,guarded_group_bonferroni_wald,2000,10000,0.23465959354828664,0.05000000000000794,0.0,False,0,199,2000,1.0,0.9980829527187469,0.9999999999999998,0,0.0,1.0842021724855044e-19,0.001917047281252934,0,0.0,1.0842021724855044e-19,0.001917047281252934,0,0.0,1.0842021724855044e-19,0.001917047281252934,1658.0,21.34286766111808,3316.0,1000.0
A5_joint_gain,A,power,guarded_fixed_wald,2000,10000,0.23465959354828664,0.05000000000000794,0.0,False,0,199,2000,1.0,0.9980829527187469,0.9999999999999998,0,0.0,1.0842021724855044e-19,0.001917047281252934,0,0.0,1.0842021724855044e-19,0.001917047281252934,0,0.0,1.0842021724855044e-19,0.001917047281252934,10000.0,0.0,20000.0,10000.0
A6_strong_all_gates,A,power,win_only_betting,2000,10000,0.49949475015498657,0.10000000000001588,0.0700000000000091,False,0,199,2000,1.0,0.9980829527187469,0.9999999999999998,0,0.0,1.0842021724855044e-19,0.001917047281252934,0,0.0,1.0842021724855044e-19,0.001917047281252934,0,0.0,1.0842021724855044e-19,0.001917047281252934,100.175,0.06602792969645717,200.35,100.0
A6_strong_all_gates,A,power,win_only_normal_mixture,2000,10000,0.49949475015498657,0.10000000000001588,0.0700000000000091,False,0,199,2000,1.0,0.9980829527187469,0.9999999999999998,0,0.0,1.0842021724855044e-19,0.001917047281252934,0,0.0,1.0842021724855044e-19,0.001917047281252934,0,0.0,1.0842021724855044e-19,0.001917047281252934,100.75,0.13589977924926883,201.5,100.0
A6_strong_all_gates,A,power,guarded_betting,2000,10000,0.49949475015498657,0.10000000000001588,0.0700000000000091,False,0,199,2000,1.0,0.9980829527187469,0.9999999999999998,0,0.0,1.0842021724855044e-19,0.001917047281252934,0,0.0,1.0842021724855044e-19,0.001917047281252934,0,0.0,1.0842021724855044e-19,0.001917047281252934,241.275,1.7766013023467027,482.55,250.0
A6_strong_all_gates,A,power,guarded_betting_split,2000,10000,0.49949475015498657,0.10000000000001588,0.0700000000000091,False,0,199,2000,1.0,0.9980829527187469,0.9999999999999998,0,0.0,1.0842021724855044e-19,0.001917047281252934,0,0.0,1.0842021724855044e-19,0.001917047281252934,0,0.0,1.0842021724855044e-19,0.001917047281252934,279.2,1.8681354340625307,558.4,250.0
A6_strong_all_gates,A,power,guarded_normal_mixture,2000,10000,0.49949475015498657,0.10000000000001588,0.0700000000000091,False,0,199,2000,1.0,0.9980829527187469,0.9999999999999998,0,0.0,1.0842021724855044e-19,0.001917047281252934,0,0.0,1.0842021724855044e-19,0.001917047281252934,0,0.0,1.0842021724855044e-19,0.001917047281252934,1481.05,6.256232792184126,2962.1,1450.0
A6_strong_all_gates,A,power,guarded_normal_mixture_split,2000,10000,0.49949475015498657,0.10000000000001588,0.0700000000000091,False,0,199,2000,1.0,0.9980829527187469,0.9999999999999998,0,0.0,1.0842021724855044e-19,0.001917047281252934,0,0.0,1.0842021724855044e-19,0.001917047281252934,0,0.0,1.0842021724855044e-19,0.001917047281252934,1868.15,6.9380500682828625,3736.3,1850.0
A6_strong_all_gates,A,power,guarded_repeated_wald,2000,10000,0.49949475015498657,0.10000000000001588,0.0700000000000091,False,0,199,2000,1.0,0.9980829527187469,0.9999999999999998,0,0.0,1.0842021724855044e-19,0.001917047281252934,0,0.0,1.0842021724855044e-19,0.001917047281252934,0,0.0,1.0842021724855044e-19,0.001917047281252934,121.175,0.8661320265987167,242.35,100.0
A6_strong_all_gates,A,power,guarded_group_bonferroni_wald,2000,10000,0.49949475015498657,0.10000000000001588,0.0700000000000091,False,0,199,2000,1.0,0.9980829527187469,0.9999999999999998,0,0.0,1.0842021724855044e-19,0.001917047281252934,0,0.0,1.0842021724855044e-19,0.001917047281252934,0,0.0,1.0842021724855044e-19,0.001917047281252934,1000.0,0.0,2000.0,1000.0
A6_strong_all_gates,A,power,guarded_fixed_wald,2000,10000,0.49949475015498657,0.10000000000001588,0.0700000000000091,False,0,199,2000,1.0,0.9980829527187469,0.9999999999999998,0,0.0,1.0842021724855044e-19,0.001917047281252934,0,0.0,1.0842021724855044e-19,0.001917047281252934,0,0.0,1.0842021724855044e-19,0.001917047281252934,10000.0,0.0,20000.0,10000.0
B1_nb_pos_then_neg,B,drift,win_only_betting,10000,10000,-0.08000000000000448,0.10000000000001588,0.08000000000001141,False,81,199,10000,1.0,0.9996160016293234,1.0,0,0.0,0.0,0.00038399837067659573,1,0.0001,1.765267360112231e-05,0.0005662688974013381,0,0.0,0.0,0.00038399837067659573,283.315,1.4403076329381863,566.63,250.0
B1_nb_pos_then_neg,B,drift,win_only_normal_mixture,10000,10000,-0.08000000000000448,0.10000000000001588,0.08000000000001141,False,81,199,10000,1.0,0.9996160016293234,1.0,0,0.0,0.0,0.00038399837067659573,1,0.0001,1.765267360112231e-05,0.0005662688974013381,0,0.0,0.0,0.00038399837067659573,295.75,1.2945245266119911,591.5,250.0
B1_nb_pos_then_neg,B,drift,guarded_betting,10000,10000,-0.08000000000000448,0.10000000000001588,0.08000000000001141,False,81,199,10000,1.0,0.9996160016293234,1.0,0,0.0,0.0,0.00038399837067659573,1,0.0001,1.765267360112231e-05,0.0005662688974013381,0,0.0,0.0,0.00038399837067659573,328.2,1.3375634564386099,656.4,300.0
B1_nb_pos_then_neg,B,drift,guarded_betting_split,10000,10000,-0.08000000000000448,0.10000000000001588,0.08000000000001141,False,81,199,10000,1.0,0.9996160016293234,1.0,0,0.0,0.0,0.00038399837067659573,1,0.0001,1.765267360112231e-05,0.0005662688974013381,0,0.0,0.0,0.00038399837067659573,387.11,1.4797076704538634,774.22,350.0
B1_nb_pos_then_neg,B,drift,guarded_normal_mixture,10000,10000,-0.08000000000000448,0.10000000000001588,0.08000000000001141,False,81,199,10000,1.0,0.9996160016293234,1.0,0,0.0,0.0,0.00038399837067659573,1,0.0001,1.765267360112231e-05,0.0005662688974013381,0,0.0,0.0,0.00038399837067659573,1181.5,2.4894929202550466,2363.0,1150.0
B1_nb_pos_then_neg,B,drift,guarded_normal_mixture_split,10000,10000,-0.08000000000000448,0.10000000000001588,0.08000000000001141,False,81,199,10000,1.0,0.9996160016293234,1.0,0,0.0,0.0,0.00038399837067659573,1,0.0001,1.765267360112231e-05,0.0005662688974013381,0,0.0,0.0,0.00038399837067659573,1483.895,2.7892629667171978,2967.79,1450.0
B1_nb_pos_then_neg,B,drift,guarded_repeated_wald,10000,10000,-0.08000000000000448,0.10000000000001588,0.08000000000001141,False,81,199,10000,1.0,0.9996160016293234,1.0,0,0.0,0.0,0.00038399837067659573,470,0.047,0.04302305617019257,0.051324846353640416,0,0.0,0.0,0.00038399837067659573,145.195,0.6471987310710677,290.39,100.0
B1_nb_pos_then_neg,B,drift,guarded_group_bonferroni_wald,10000,10000,-0.08000000000000448,0.10000000000001588,0.08000000000001141,False,81,199,10000,1.0,0.9996160016293234,1.0,0,0.0,0.0,0.00038399837067659573,41,0.0041,0.0030238546563457033,0.005556994927691345,0,0.0,0.0,0.00038399837067659573,1000.0,0.0,2000.0,1000.0
B1_nb_pos_then_neg,B,drift,guarded_fixed_wald,10000,10000,-0.08000000000000448,0.10000000000001588,0.08000000000001141,False,81,199,0,0.0,0.0,0.00038399837067659573,0,0.0,0.0,0.00038399837067659573,0,0.0,0.0,0.00038399837067659573,0,0.0,0.0,0.00038399837067659573,10000.0,0.0,20000.0,
B2_nb_neg_then_pos,B,drift,win_only_betting,10000,10000,0.08000000000000448,0.10000000000001588,0.08000000000001141,False,119,199,10000,1.0,0.9996160016293234,1.0,1,0.0001,1.765267360112231e-05,0.0005662688974013381,1,0.0001,1.765267360112231e-05,0.0005662688974013381,0,0.0,0.0,0.00038399837067659573,7395.045,4.461913244058004,14790.09,7400.0
B2_nb_neg_then_pos,B,drift,win_only_normal_mixture,10000,10000,0.08000000000000448,0.10000000000001588,0.08000000000001141,False,119,199,10000,1.0,0.9996160016293234,1.0,1,0.0001,1.765267360112231e-05,0.0005662688974013381,1,0.0001,1.765267360112231e-05,0.0005662688974013381,0,0.0,0.0,0.00038399837067659573,7427.82,4.527836653414091,14855.64,7400.0
B2_nb_neg_then_pos,B,drift,guarded_betting,10000,10000,0.08000000000000448,0.10000000000001588,0.08000000000001141,False,119,199,10000,1.0,0.9996160016293234,1.0,1,0.0001,1.765267360112231e-05,0.0005662688974013381,1,0.0001,1.765267360112231e-05,0.0005662688974013381,0,0.0,0.0,0.00038399837067659573,7395.045,4.461913244058004,14790.09,7400.0
B2_nb_neg_then_pos,B,drift,guarded_betting_split,10000,10000,0.08000000000000448,0.10000000000001588,0.08000000000001141,False,119,199,10000,1.0,0.9996160016293234,1.0,0,0.0,0.0,0.00038399837067659573,0,0.0,0.0,0.00038399837067659573,0,0.0,0.0,0.00038399837067659573,7561.92,4.561517440501546,15123.84,7550.0
B2_nb_neg_then_pos,B,drift,guarded_normal_mixture,10000,10000,0.08000000000000448,0.10000000000001588,0.08000000000001141,False,119,199,10000,1.0,0.9996160016293234,1.0,1,0.0001,1.765267360112231e-05,0.0005662688974013381,1,0.0001,1.765267360112231e-05,0.0005662688974013381,0,0.0,0.0,0.00038399837067659573,7427.82,4.527836653414091,14855.64,7400.0
B2_nb_neg_then_pos,B,drift,guarded_normal_mixture_split,10000,10000,0.08000000000000448,0.10000000000001588,0.08000000000001141,False,119,199,10000,1.0,0.9996160016293234,1.0,0,0.0,0.0,0.00038399837067659573,0,0.0,0.0,0.00038399837067659573,0,0.0,0.0,0.00038399837067659573,7585.55,4.6096442107824105,15171.1,7550.0
B2_nb_neg_then_pos,B,drift,guarded_repeated_wald,10000,10000,0.08000000000000448,0.10000000000001588,0.08000000000001141,False,119,199,10000,1.0,0.9996160016293234,1.0,462,0.0462,0.04225704225860869,0.050491474662617365,462,0.0462,0.04225704225860869,0.050491474662617365,0,0.0,0.0,0.00038399837067659573,6684.93,4.082932709462618,13369.86,6650.0
B2_nb_neg_then_pos,B,drift,guarded_group_bonferroni_wald,10000,10000,0.08000000000000448,0.10000000000001588,0.08000000000001141,False,119,199,10000,1.0,0.9996160016293234,1.0,50,0.005,0.0037949010708382257,0.006585257316131604,50,0.005,0.0037949010708382257,0.006585257316131604,0,0.0,0.0,0.00038399837067659573,7553.3,5.456730797831238,15106.6,8000.0
B2_nb_neg_then_pos,B,drift,guarded_fixed_wald,10000,10000,0.08000000000000448,0.10000000000001588,0.08000000000001141,False,119,199,10000,1.0,0.9996160016293234,1.0,0,0.0,0.0,0.00038399837067659573,0,0.0,0.0,0.00038399837067659573,0,0.0,0.0,0.00038399837067659573,10000.0,0.0,20000.0,10000.0
B3a_alternating_violator,B,drift,win_only_betting,10000,10000,0.16000000000002268,0.07799999999999253,-0.01000000000000065,False,39,199,10000,1.0,0.9996160016293234,1.0,68,0.0068,0.005367876155841787,0.008610899836993606,68,0.0068,0.005367876155841787,0.008610899836993606,68,0.0068,0.005367876155841787,0.008610899836993606,2858.125,3.4709542545962777,5716.25,2850.0
B3a_alternating_violator,B,drift,win_only_normal_mixture,10000,10000,0.16000000000002268,0.07799999999999253,-0.01000000000000065,False,39,199,10000,1.0,0.9996160016293234,1.0,67,0.0067,0.00527963331754198,0.00849921947496755,67,0.0067,0.00527963331754198,0.00849921947496755,67,0.0067,0.00527963331754198,0.00849921947496755,2855.8,3.425643881082787,5711.6,2850.0
B3a_alternating_violator,B,drift,guarded_betting,10000,10000,0.16000000000002268,0.07799999999999253,-0.01000000000000065,False,199,199,37,0.0037,0.002685648037750953,0.005095508744982636,37,0.0037,0.002685648037750953,0.005095508744982636,37,0.0037,0.002685648037750953,0.005095508744982636,37,0.0037,0.002685648037750953,0.005095508744982636,9980.57,3.432462310062714,19961.14,4850.0
B3a_alternating_violator,B,drift,guarded_betting_split,10000,10000,0.16000000000002268,0.07799999999999253,-0.01000000000000065,False,199,199,8,0.0008,0.0004054337198968799,0.0015779502533866333,8,0.0008,0.0004054337198968799,0.0015779502533866333,8,0.0008,0.0004054337198968799,0.0015779502533866333,8,0.0008,0.0004054337198968799,0.0015779502533866333,9995.61,1.646078002404003,19991.22,4675.0
B3a_alternating_violator,B,drift,guarded_normal_mixture,10000,10000,0.16000000000002268,0.07799999999999253,-0.01000000000000065,False,199,199,0,0.0,0.0,0.00038399837067659573,0,0.0,0.0,0.00038399837067659573,0,0.0,0.0,0.00038399837067659573,0,0.0,0.0,0.00038399837067659573,10000.0,0.0,20000.0,
B3a_alternating_violator,B,drift,guarded_normal_mixture_split,10000,10000,0.16000000000002268,0.07799999999999253,-0.01000000000000065,False,199,199,0,0.0,0.0,0.00038399837067659573,0,0.0,0.0,0.00038399837067659573,0,0.0,0.0,0.00038399837067659573,0,0.0,0.0,0.00038399837067659573,10000.0,0.0,20000.0,
B3a_alternating_violator,B,drift,guarded_repeated_wald,10000,10000,0.16000000000002268,0.07799999999999253,-0.01000000000000065,False,199,199,2861,0.2861,0.2773256604630573,0.29503861403991816,2861,0.2861,0.2773256604630573,0.29503861403991816,2861,0.2861,0.2773256604630573,0.29503861403991816,2861,0.2861,0.2773256604630573,0.29503861403991816,8060.945,33.47498611945195,16121.89,2650.0
B3a_alternating_violator,B,drift,guarded_group_bonferroni_wald,10000,10000,0.16000000000002268,0.07799999999999253,-0.01000000000000065,False,199,199,168,0.0168,0.014460231994417769,0.01951086403100409,168,0.0168,0.014460231994417769,0.01951086403100409,168,0.0168,0.014460231994417769,0.01951086403100409,168,0.0168,0.014460231994417769,0.01951086403100409,9918.4,6.947959700516494,19836.8,5000.0
B3a_alternating_violator,B,drift,guarded_fixed_wald,10000,10000,0.16000000000002268,0.07799999999999253,-0.01000000000000065,False,199,199,495,0.0495,0.04541893986540119,0.05392704266657841,495,0.0495,0.04541893986540119,0.05392704266657841,495,0.0495,0.04541893986540119,0.05392704266657841,495,0.0495,0.04541893986540119,0.05392704266657841,10000.0,0.0,20000.0,10000.0
B3b_cycling_violator,B,drift,win_only_betting,10000,10000,1.1274658984206099e-14,0.13200000000000695,0.007999999999999233,False,50,199,10000,1.0,0.9996160016293234,1.0,26,0.0026,0.0017749883701664527,0.0038070132089826243,33,0.0033,0.002350823409618217,0.004630640571811913,26,0.0026,0.0017749883701664527,0.0038070132089826243,1033.27,2.0744061101915445,2066.54,1000.0
B3b_cycling_violator,B,drift,win_only_normal_mixture,10000,10000,1.1274658984206099e-14,0.13200000000000695,0.007999999999999233,False,50,199,10000,1.0,0.9996160016293234,1.0,21,0.0021,0.0013739917049838345,0.0032083938725359184,26,0.0026,0.0017749883701664527,0.0038070132089826243,21,0.0021,0.0013739917049838345,0.0032083938725359184,1014.675,2.0268669017722933,2029.35,1000.0
B3b_cycling_violator,B,drift,guarded_betting,10000,10000,1.1274658984206099e-14,0.13200000000000695,0.007999999999999233,False,199,199,48,0.0048,0.0036224922338521153,0.006357819752465983,48,0.0048,0.0036224922338521153,0.006357819752465983,48,0.0048,0.0036224922338521153,0.006357819752465983,48,0.0048,0.0036224922338521153,0.006357819752465983,9969.59,4.721532927979975,19939.18,2825.0
B3b_cycling_violator,B,drift,guarded_betting_split,10000,10000,1.1274658984206099e-14,0.13200000000000695,0.007999999999999233,False,199,199,15,0.0015,0.0009092618255931228,0.002473584549971443,15,0.0015,0.0009092618255931228,0.002473584549971443,15,0.0015,0.0009092618255931228,0.002473584549971443,15,0.0015,0.0009092618255931228,0.002473584549971443,9991.275,2.509773383694245,19982.55,2450.0
B3b_cycling_violator,B,drift,guarded_normal_mixture,10000,10000,1.1274658984206099e-14,0.13200000000000695,0.007999999999999233,False,199,199,0,0.0,0.0,0.00038399837067659573,0,0.0,0.0,0.00038399837067659573,0,0.0,0.0,0.00038399837067659573,0,0.0,0.0,0.00038399837067659573,10000.0,0.0,20000.0,
B3b_cycling_violator,B,drift,guarded_normal_mixture_split,10000,10000,1.1274658984206099e-14,0.13200000000000695,0.007999999999999233,False,199,199,0,0.0,0.0,0.00038399837067659573,0,0.0,0.0,0.00038399837067659573,0,0.0,0.0,0.00038399837067659573,0,0.0,0.0,0.00038399837067659573,10000.0,0.0,20000.0,
B3b_cycling_violator,B,drift,guarded_repeated_wald,10000,10000,1.1274658984206099e-14,0.13200000000000695,0.007999999999999233,False,199,199,3189,0.3189,0.30983661521533007,0.32810246899452894,3189,0.3189,0.30983661521533007,0.32810246899452894,3189,0.3189,0.30983661521533007,0.32810246899452894,3189,0.3189,0.30983661521533007,0.32810246899452894,7699.98,37.22222252848425,15399.96,1450.0
B3b_cycling_violator,B,drift,guarded_group_bonferroni_wald,10000,10000,1.1274658984206099e-14,0.13200000000000695,0.007999999999999233,False,199,199,193,0.0193,0.01678232864046499,0.022186847393103493,193,0.0193,0.01678232864046499,0.022186847393103493,193,0.0193,0.01678232864046499,0.022186847393103493,193,0.0193,0.01678232864046499,0.022186847393103493,9902.7,7.918539701232662,19805.4,4000.0
B3b_cycling_violator,B,drift,guarded_fixed_wald,10000,10000,1.1274658984206099e-14,0.13200000000000695,0.007999999999999233,False,199,199,445,0.0445,0.04063039538203104,0.048719427133655326,445,0.0445,0.04063039538203104,0.048719427133655326,445,0.0445,0.04063039538203104,0.048719427133655326,445,0.0445,0.04063039538203104,0.048719427133655326,10000.0,0.0,20000.0,10000.0
C1_unequal_law_null,C,null,win_only_betting,10000,10000,-2.7755575615628914e-17,0.07326944537078128,0.0,True,199,199,95,0.0095,0.00777816669576945,0.011598535705864289,95,0.0095,0.00777816669576945,0.011598535705864289,95,0.0095,0.00777816669576945,0.011598535705864289,95,0.0095,0.00777816669576945,0.011598535705864289,9931.835,7.560266415775404,19863.67,1600.0
C1_unequal_law_null,C,null,win_only_normal_mixture,10000,10000,-2.7755575615628914e-17,0.07326944537078128,0.0,True,199,199,86,0.0086,0.0069694684051106025,0.010607925193590355,86,0.0086,0.0069694684051106025,0.010607925193590355,86,0.0086,0.0069694684051106025,0.010607925193590355,86,0.0086,0.0069694684051106025,0.010607925193590355,9933.75,7.495871780520262,19867.5,1275.0
C1_unequal_law_null,C,null,guarded_betting,10000,10000,-2.7755575615628914e-17,0.07326944537078128,0.0,True,199,199,64,0.0064,0.005015442801028862,0.008163640390503074,64,0.0064,0.005015442801028862,0.008163640390503074,64,0.0064,0.005015442801028862,0.008163640390503074,64,0.0064,0.005015442801028862,0.008163640390503074,9961.995,5.308539064328205,19923.99,2800.0
C1_unequal_law_null,C,null,guarded_betting_split,10000,10000,-2.7755575615628914e-17,0.07326944537078128,0.0,True,199,199,19,0.0019,0.0012167441596287053,0.002965795017239319,19,0.0019,0.0012167441596287053,0.002965795017239319,19,0.0019,0.0012167441596287053,0.002965795017239319,19,0.0019,0.0012167441596287053,0.002965795017239319,9988.535,2.86836719711751,19977.07,2950.0
C1_unequal_law_null,C,null,guarded_normal_mixture,10000,10000,-2.7755575615628914e-17,0.07326944537078128,0.0,True,199,199,0,0.0,0.0,0.00038399837067659573,0,0.0,0.0,0.00038399837067659573,0,0.0,0.0,0.00038399837067659573,0,0.0,0.0,0.00038399837067659573,10000.0,0.0,20000.0,
C1_unequal_law_null,C,null,guarded_normal_mixture_split,10000,10000,-2.7755575615628914e-17,0.07326944537078128,0.0,True,199,199,0,0.0,0.0,0.00038399837067659573,0,0.0,0.0,0.00038399837067659573,0,0.0,0.0,0.00038399837067659573,0,0.0,0.0,0.00038399837067659573,10000.0,0.0,20000.0,
C1_unequal_law_null,C,null,guarded_repeated_wald,10000,10000,-2.7755575615628914e-17,0.07326944537078128,0.0,True,199,199,3150,0.315,0.30596816679648997,0.3241739126006603,3150,0.315,0.30596816679648997,0.3241739126006603,3150,0.315,0.30596816679648997,0.3241739126006603,3150,0.315,0.30596816679648997,0.3241739126006603,7477.145,39.45174634788046,14954.29,950.0
C1_unequal_law_null,C,null,guarded_group_bonferroni_wald,10000,10000,-2.7755575615628914e-17,0.07326944537078128,0.0,True,199,199,226,0.0226,0.019865129825443677,0.025701511818878333,226,0.0226,0.019865129825443677,0.025701511818878333,226,0.0226,0.019865129825443677,0.025701511818878333,226,0.0226,0.019865129825443677,0.025701511818878333,9874.1,9.266332553928752,19748.2,4000.0
C1_unequal_law_null,C,null,guarded_fixed_wald,10000,10000,-2.7755575615628914e-17,0.07326944537078128,0.0,True,199,199,520,0.052,0.04781781739856426,0.05652624514156195,520,0.052,0.04781781739856426,0.05652624514156195,520,0.052,0.04781781739856426,0.05652624514156195,520,0.052,0.04781781739856426,0.05652624514156195,10000.0,0.0,20000.0,10000.0
C2_unequal_law_null_tie_heavy,C,null,win_only_betting,10000,10000,0.0,0.002917328347063569,0.0,True,199,199,103,0.0103,0.008500632273877465,0.012475455730363192,103,0.0103,0.008500632273877465,0.012475455730363192,103,0.0103,0.008500632273877465,0.012475455730363192,103,0.0103,0.008500632273877465,0.012475455730363192,9926.26,7.792232750630543,19852.52,1750.0
C2_unequal_law_null_tie_heavy,C,null,win_only_normal_mixture,10000,10000,0.0,0.002917328347063569,0.0,True,199,199,0,0.0,0.0,0.00038399837067659573,0,0.0,0.0,0.00038399837067659573,0,0.0,0.0,0.00038399837067659573,0,0.0,0.0,0.00038399837067659573,10000.0,0.0,20000.0,
C2_unequal_law_null_tie_heavy,C,null,guarded_betting,10000,10000,0.0,0.002917328347063569,0.0,True,199,199,73,0.0073,0.005810351168746254,0.009168040825718465,73,0.0073,0.005810351168746254,0.009168040825718465,73,0.0073,0.005810351168746254,0.009168040825718465,73,0.0073,0.005810351168746254,0.009168040825718465,9955.695,5.678580958082859,19911.39,3350.0
C2_unequal_law_null_tie_heavy,C,null,guarded_betting_split,10000,10000,0.0,0.002917328347063569,0.0,True,199,199,24,0.0024,0.0016133788093978356,0.0035687763690995114,24,0.0024,0.0016133788093978356,0.0035687763690995114,24,0.0024,0.0016133788093978356,0.0035687763690995114,24,0.0024,0.0016133788093978356,0.0035687763690995114,9987.52,2.890601141631153,19975.04,4750.0
C2_unequal_law_null_tie_heavy,C,null,guarded_normal_mixture,10000,10000,0.0,0.002917328347063569,0.0,True,199,199,0,0.0,0.0,0.00038399837067659573,0,0.0,0.0,0.00038399837067659573,0,0.0,0.0,0.00038399837067659573,0,0.0,0.0,0.00038399837067659573,10000.0,0.0,20000.0,
C2_unequal_law_null_tie_heavy,C,null,guarded_normal_mixture_split,10000,10000,0.0,0.002917328347063569,0.0,True,199,199,0,0.0,0.0,0.00038399837067659573,0,0.0,0.0,0.00038399837067659573,0,0.0,0.0,0.00038399837067659573,0,0.0,0.0,0.00038399837067659573,10000.0,0.0,20000.0,
C2_unequal_law_null_tie_heavy,C,null,guarded_repeated_wald,10000,10000,0.0,0.002917328347063569,0.0,True,199,199,3212,0.3212,0.3121183532392773,0.3304189645780765,3212,0.3212,0.3121183532392773,0.3304189645780765,3212,0.3212,0.3121183532392773,0.3304189645780765,3212,0.3212,0.3121183532392773,0.3304189645780765,7411.965,40.00588280337656,14823.93,800.0
C2_unequal_law_null_tie_heavy,C,null,guarded_group_bonferroni_wald,10000,10000,0.0,0.002917328347063569,0.0,True,199,199,257,0.0257,0.02277595874247574,0.028988302111948076,257,0.0257,0.02277595874247574,0.028988302111948076,257,0.0257,0.02277595874247574,0.028988302111948076,257,0.0257,0.02277595874247574,0.028988302111948076,9858.2,9.888846039857182,19716.4,4000.0
C2_unequal_law_null_tie_heavy,C,null,guarded_fixed_wald,10000,10000,0.0,0.002917328347063569,0.0,True,199,199,508,0.0508,0.04666599590665272,0.05527898822956311,508,0.0508,0.04666599590665272,0.05527898822956311,508,0.0508,0.04666599590665272,0.05527898822956311,508,0.0508,0.04666599590665272,0.05527898822956311,10000.0,0.0,20000.0,10000.0
