arm,task,trial,tau2_seed,invocation_index,attempt_in_invocation,attempt_overall,n_attempts_overall,attempt_status,failure_class,is_canonical_record_source,canonical_record_basis,truncation_warnings_in_attempt,attempt_start_utc_approx,attempt_end_utc,attempt_wall_clock_s_approx,attempt_end_basis
A,1,0,626729,1,1,1,1,completed: produced the saved record,,True,this attempt,0,2026-09-18T17:38:47Z,2026-09-18T17:39:31Z,44.2,tau2 log timestamp (local time + 4 h)
A,2,0,626729,1,1,1,1,completed: produced the saved record,,True,this attempt,0,2026-09-18T17:39:31Z,2026-09-18T17:46:44Z,432.5,tau2 log timestamp (local time + 4 h)
A,3,0,626729,1,1,1,1,completed: produced the saved record,,True,this attempt,0,2026-09-18T17:46:44Z,2026-09-18T17:48:16Z,92.0,tau2 log timestamp (local time + 4 h)
A,4,0,626729,1,1,1,1,completed: produced the saved record,,True,this attempt,0,2026-09-18T17:48:16Z,2026-09-18T17:49:15Z,59.4,tau2 log timestamp (local time + 4 h)
A,5,0,626729,1,1,1,1,completed: produced the saved record,,True,this attempt,0,2026-09-18T17:49:15Z,2026-09-18T17:51:05Z,110.2,tau2 log timestamp (local time + 4 h)
A,6,0,626729,1,1,1,7,"failed: discarded, no simulation record",request_timeout (litellm.Timeout: APITimeoutError),False,a later attempt,0,2026-09-18T17:51:05Z,2026-09-18T19:01:32Z,4226.5,tau2 log timestamp (local time + 4 h)
A,6,0,626729,1,2,2,7,"failed: discarded, no simulation record",request_timeout (litellm.Timeout: APITimeoutError),False,a later attempt,0,2026-09-18T19:01:32Z,2026-09-18T20:12:01Z,4228.9,tau2 log timestamp (local time + 4 h)
A,6,0,626729,1,3,3,7,"interrupted: tau2 process stopped by the owner while the attempt was running; no failure line, no simulation record",owner_stop_of_invocation_1,False,a later attempt,0,2026-09-18T20:12:01Z,2026-09-18T20:32:38Z,1237.1,last llama-server event of the invocation (tau2 printed no timestamped line after the retry started)
A,6,0,626729,2,1,4,7,"failed: discarded, no simulation record",json_decode_error_after_truncation (JSONDecodeError),False,a later attempt,1,2026-09-18T20:33:13Z,2026-09-18T20:34:29Z,76.2,tau2 log timestamp (local time + 4 h)
A,6,0,626729,2,2,5,7,"failed: discarded, no simulation record",json_decode_error_after_truncation (JSONDecodeError),False,a later attempt,1,2026-09-18T20:34:29Z,2026-09-18T20:35:40Z,71.0,tau2 log timestamp (local time + 4 h)
A,6,0,626729,2,3,6,7,"failed: discarded, no simulation record",json_decode_error_after_truncation (JSONDecodeError),False,a later attempt,1,2026-09-18T20:35:40Z,2026-09-18T20:36:49Z,69.1,tau2 log timestamp (local time + 4 h)
A,6,0,626729,2,4,7,7,"failed: discarded, no simulation record; last allowed attempt, tau2 then saved an infrastructure_error placeholder",json_decode_error_after_truncation (JSONDecodeError),False,placeholder written by tau2 after this attempt (attempts exhausted),1,2026-09-18T20:36:49Z,2026-09-18T20:37:59Z,69.5,tau2 log timestamp (local time + 4 h)
A,7,0,626729,2,1,1,1,completed: produced the saved record,,True,this attempt,0,2026-09-18T20:37:59Z,2026-09-18T20:38:33Z,33.9,tau2 log timestamp (local time + 4 h)
A,8,0,626729,2,1,1,1,completed: produced the saved record,,True,this attempt,0,2026-09-18T20:38:33Z,2026-09-18T20:39:57Z,84.4,tau2 log timestamp (local time + 4 h)
A,9,0,626729,2,1,1,1,completed: produced the saved record,,True,this attempt,0,2026-09-18T20:39:57Z,2026-09-18T20:45:05Z,307.9,tau2 log timestamp (local time + 4 h)
A,10,0,626729,2,1,1,1,completed: produced the saved record,,True,this attempt,0,2026-09-18T20:45:05Z,2026-09-18T20:46:09Z,64.0,tau2 log timestamp (local time + 4 h)
A,11,0,626729,2,1,1,1,completed: produced the saved record,,True,this attempt,0,2026-09-18T20:46:09Z,2026-09-18T20:48:09Z,120.1,tau2 log timestamp (local time + 4 h)
A,12,0,626729,2,1,1,1,completed: produced the saved record,,True,this attempt,0,2026-09-18T20:48:09Z,2026-09-18T20:49:47Z,97.6,tau2 log timestamp (local time + 4 h)
A,13,0,626729,2,1,1,1,completed: produced the saved record,,True,this attempt,0,2026-09-18T20:49:47Z,2026-09-18T20:51:30Z,103.9,tau2 log timestamp (local time + 4 h)
A,14,0,626729,2,1,1,1,completed: produced the saved record,,True,this attempt,0,2026-09-18T20:51:30Z,2026-09-18T20:56:12Z,281.4,tau2 log timestamp (local time + 4 h)
A,15,0,626729,2,1,1,2,"failed: discarded, no simulation record",context_window_overflow (litellm.BadRequestError),False,a later attempt,1,2026-09-18T20:56:12Z,2026-09-18T21:11:55Z,943.6,tau2 log timestamp (local time + 4 h)
A,15,0,626729,2,2,2,2,completed: produced the saved record,,True,this attempt,0,2026-09-18T21:11:55Z,2026-09-18T21:15:40Z,224.5,tau2 log timestamp (local time + 4 h)
A,16,0,626729,2,1,1,1,completed: produced the saved record,,True,this attempt,0,2026-09-18T21:15:40Z,2026-09-18T21:19:41Z,241.0,tau2 log timestamp (local time + 4 h)
A,17,0,626729,2,1,1,1,completed: produced the saved record,,True,this attempt,0,2026-09-18T21:19:41Z,2026-09-18T21:20:27Z,46.1,tau2 log timestamp (local time + 4 h)
A,18,0,626729,2,1,1,1,completed: produced the saved record,,True,this attempt,0,2026-09-18T21:20:27Z,2026-09-18T21:21:45Z,77.7,tau2 log timestamp (local time + 4 h)
A,19,0,626729,2,1,1,1,completed: produced the saved record,,True,this attempt,0,2026-09-18T21:21:45Z,2026-09-18T21:23:23Z,98.5,tau2 log timestamp (local time + 4 h)
A,20,0,626729,2,1,1,1,completed: produced the saved record,,True,this attempt,0,2026-09-18T21:23:23Z,2026-09-18T21:27:11Z,227.6,tau2 log timestamp (local time + 4 h)
A,21,0,626729,2,1,1,1,completed: produced the saved record,,True,this attempt,0,2026-09-18T21:27:11Z,2026-09-18T21:29:57Z,165.8,tau2 log timestamp (local time + 4 h)
A,22,0,626729,2,1,1,1,completed: produced the saved record,,True,this attempt,1,2026-09-18T21:29:57Z,2026-09-18T21:31:02Z,65.5,tau2 log timestamp (local time + 4 h)
A,23,0,626729,2,1,1,1,completed: produced the saved record,,True,this attempt,0,2026-09-18T21:31:02Z,2026-09-18T21:37:10Z,367.9,tau2 log timestamp (local time + 4 h)
A,24,0,626729,2,1,1,1,completed: produced the saved record,,True,this attempt,1,2026-09-18T21:37:10Z,2026-09-18T21:40:42Z,211.9,tau2 log timestamp (local time + 4 h)
A,25,0,626729,2,1,1,1,completed: produced the saved record,,True,this attempt,0,2026-09-18T21:40:42Z,2026-09-18T21:42:39Z,117.0,tau2 log timestamp (local time + 4 h)
A,26,0,626729,2,1,1,1,completed: produced the saved record,,True,this attempt,0,2026-09-18T21:42:39Z,2026-09-18T21:43:04Z,25.3,tau2 log timestamp (local time + 4 h)
A,27,0,626729,2,1,1,1,completed: produced the saved record,,True,this attempt,0,2026-09-18T21:43:04Z,2026-09-18T21:43:38Z,33.4,tau2 log timestamp (local time + 4 h)
A,28,0,626729,2,1,1,1,completed: produced the saved record,,True,this attempt,0,2026-09-18T21:43:38Z,2026-09-18T21:48:32Z,294.0,tau2 log timestamp (local time + 4 h)
A,29,0,626729,2,1,1,1,completed: produced the saved record,,True,this attempt,0,2026-09-18T21:48:32Z,2026-09-18T21:54:33Z,361.3,tau2 log timestamp (local time + 4 h)
A,30,0,626729,2,1,1,1,completed: produced the saved record,,True,this attempt,0,2026-09-18T21:54:33Z,2026-09-18T21:58:47Z,253.6,tau2 log timestamp (local time + 4 h)
A,31,0,626729,2,1,1,1,completed: produced the saved record,,True,this attempt,0,2026-09-18T21:58:47Z,2026-09-18T22:02:06Z,199.4,tau2 log timestamp (local time + 4 h)
A,32,0,626729,2,1,1,1,completed: produced the saved record,,True,this attempt,0,2026-09-18T22:02:06Z,2026-09-18T22:02:50Z,44.0,tau2 log timestamp (local time + 4 h)
A,33,0,626729,2,1,1,1,completed: produced the saved record,,True,this attempt,0,2026-09-18T22:02:50Z,2026-09-18T22:03:52Z,61.5,tau2 log timestamp (local time + 4 h)
A,34,0,626729,2,1,1,1,completed: produced the saved record,,True,this attempt,0,2026-09-18T22:03:52Z,2026-09-18T22:04:53Z,61.7,tau2 log timestamp (local time + 4 h)
A,35,0,626729,2,1,1,1,completed: produced the saved record,,True,this attempt,0,2026-09-18T22:04:53Z,2026-09-18T22:05:58Z,64.4,tau2 log timestamp (local time + 4 h)
A,36,0,626729,2,1,1,1,completed: produced the saved record,,True,this attempt,0,2026-09-18T22:05:58Z,2026-09-18T22:10:55Z,296.9,tau2 log timestamp (local time + 4 h)
A,37,0,626729,2,1,1,1,completed: produced the saved record,,True,this attempt,0,2026-09-18T22:10:55Z,2026-09-18T22:13:09Z,134.6,tau2 log timestamp (local time + 4 h)
A,38,0,626729,2,1,1,1,completed: produced the saved record,,True,this attempt,0,2026-09-18T22:13:09Z,2026-09-18T22:17:51Z,282.1,tau2 log timestamp (local time + 4 h)
A,39,0,626729,2,1,1,1,completed: produced the saved record,,True,this attempt,0,2026-09-18T22:17:51Z,2026-09-18T22:21:16Z,204.4,tau2 log timestamp (local time + 4 h)
A,40,0,626729,2,1,1,1,completed: produced the saved record,,True,this attempt,0,2026-09-18T22:21:16Z,2026-09-18T22:22:37Z,81.0,tau2 log timestamp (local time + 4 h)
A,41,0,626729,2,1,1,1,completed: produced the saved record,,True,this attempt,0,2026-09-18T22:22:37Z,2026-09-18T22:23:50Z,73.6,tau2 log timestamp (local time + 4 h)
A,42,0,626729,2,1,1,1,completed: produced the saved record,,True,this attempt,0,2026-09-18T22:23:50Z,2026-09-18T22:28:57Z,307.2,tau2 log timestamp (local time + 4 h)
A,43,0,626729,2,1,1,1,completed: produced the saved record,,True,this attempt,0,2026-09-18T22:28:57Z,2026-09-18T22:35:35Z,397.2,tau2 log timestamp (local time + 4 h)
A,44,0,626729,2,1,1,1,completed: produced the saved record,,True,this attempt,0,2026-09-18T22:35:35Z,2026-09-18T22:37:42Z,127.6,tau2 log timestamp (local time + 4 h)
A,45,0,626729,2,1,1,1,completed: produced the saved record,,True,this attempt,0,2026-09-18T22:37:42Z,2026-09-18T22:38:13Z,30.5,tau2 log timestamp (local time + 4 h)
A,46,0,626729,2,1,1,1,completed: produced the saved record,,True,this attempt,0,2026-09-18T22:38:13Z,2026-09-18T22:38:56Z,42.8,tau2 log timestamp (local time + 4 h)
A,47,0,626729,2,1,1,1,completed: produced the saved record,,True,this attempt,0,2026-09-18T22:38:56Z,2026-09-18T22:41:40Z,164.2,tau2 log timestamp (local time + 4 h)
A,48,0,626729,2,1,1,1,completed: produced the saved record,,True,this attempt,0,2026-09-18T22:41:40Z,2026-09-18T22:42:45Z,65.6,tau2 log timestamp (local time + 4 h)
A,49,0,626729,2,1,1,1,completed: produced the saved record,,True,this attempt,0,2026-09-18T22:42:45Z,2026-09-18T22:46:59Z,253.2,tau2 log timestamp (local time + 4 h)
A,1,1,373753,2,1,1,1,completed: produced the saved record,,True,this attempt,0,2026-09-18T22:46:59Z,2026-09-18T22:48:30Z,91.1,tau2 log timestamp (local time + 4 h)
A,2,1,373753,2,1,1,1,completed: produced the saved record,,True,this attempt,0,2026-09-18T22:48:30Z,2026-09-18T22:51:31Z,181.1,tau2 log timestamp (local time + 4 h)
A,3,1,373753,2,1,1,1,completed: produced the saved record,,True,this attempt,0,2026-09-18T22:51:31Z,2026-09-18T22:52:06Z,35.4,tau2 log timestamp (local time + 4 h)
A,4,1,373753,2,1,1,1,completed: produced the saved record,,True,this attempt,0,2026-09-18T22:52:06Z,2026-09-18T22:53:45Z,98.4,tau2 log timestamp (local time + 4 h)
A,5,1,373753,2,1,1,1,completed: produced the saved record,,True,this attempt,0,2026-09-18T22:53:45Z,2026-09-18T22:55:06Z,81.8,tau2 log timestamp (local time + 4 h)
A,6,1,373753,2,1,1,1,completed: produced the saved record,,True,this attempt,0,2026-09-18T22:55:06Z,2026-09-18T23:10:06Z,899.4,tau2 log timestamp (local time + 4 h)
A,7,1,373753,2,1,1,1,completed: produced the saved record,,True,this attempt,0,2026-09-18T23:10:06Z,2026-09-18T23:11:34Z,87.7,tau2 log timestamp (local time + 4 h)
A,8,1,373753,2,1,1,1,completed: produced the saved record,,True,this attempt,0,2026-09-18T23:11:34Z,2026-09-18T23:14:24Z,170.9,tau2 log timestamp (local time + 4 h)
A,9,1,373753,2,1,1,1,completed: produced the saved record,,True,this attempt,0,2026-09-18T23:14:24Z,2026-09-18T23:18:57Z,272.7,tau2 log timestamp (local time + 4 h)
A,10,1,373753,2,1,1,1,completed: produced the saved record,,True,this attempt,0,2026-09-18T23:18:57Z,2026-09-18T23:22:15Z,197.8,tau2 log timestamp (local time + 4 h)
A,11,1,373753,2,1,1,1,completed: produced the saved record,,True,this attempt,0,2026-09-18T23:22:15Z,2026-09-18T23:23:41Z,86.1,tau2 log timestamp (local time + 4 h)
A,12,1,373753,2,1,1,1,completed: produced the saved record,,True,this attempt,0,2026-09-18T23:23:41Z,2026-09-18T23:25:35Z,113.8,tau2 log timestamp (local time + 4 h)
A,13,1,373753,2,1,1,1,completed: produced the saved record,,True,this attempt,0,2026-09-18T23:25:35Z,2026-09-18T23:27:07Z,91.9,tau2 log timestamp (local time + 4 h)
A,14,1,373753,2,1,1,1,completed: produced the saved record,,True,this attempt,0,2026-09-18T23:27:07Z,2026-09-18T23:30:51Z,224.0,tau2 log timestamp (local time + 4 h)
A,15,1,373753,2,1,1,1,completed: produced the saved record,,True,this attempt,0,2026-09-18T23:30:51Z,2026-09-18T23:35:07Z,256.6,tau2 log timestamp (local time + 4 h)
A,16,1,373753,2,1,1,1,completed: produced the saved record,,True,this attempt,0,2026-09-18T23:35:07Z,2026-09-18T23:38:55Z,227.4,tau2 log timestamp (local time + 4 h)
A,17,1,373753,2,1,1,1,completed: produced the saved record,,True,this attempt,0,2026-09-18T23:38:55Z,2026-09-18T23:41:35Z,160.1,tau2 log timestamp (local time + 4 h)
A,18,1,373753,2,1,1,1,completed: produced the saved record,,True,this attempt,0,2026-09-18T23:41:35Z,2026-09-18T23:46:01Z,266.6,tau2 log timestamp (local time + 4 h)
A,19,1,373753,2,1,1,1,completed: produced the saved record,,True,this attempt,0,2026-09-18T23:46:01Z,2026-09-18T23:46:49Z,47.9,tau2 log timestamp (local time + 4 h)
A,20,1,373753,2,1,1,1,completed: produced the saved record,,True,this attempt,0,2026-09-18T23:46:49Z,2026-09-18T23:52:08Z,319.1,tau2 log timestamp (local time + 4 h)
A,21,1,373753,2,1,1,1,completed: produced the saved record,,True,this attempt,0,2026-09-18T23:52:08Z,2026-09-18T23:53:04Z,55.2,tau2 log timestamp (local time + 4 h)
A,22,1,373753,2,1,1,1,completed: produced the saved record,,True,this attempt,0,2026-09-18T23:53:04Z,2026-09-18T23:54:18Z,74.6,tau2 log timestamp (local time + 4 h)
A,23,1,373753,2,1,1,1,completed: produced the saved record,,True,this attempt,0,2026-09-18T23:54:18Z,2026-09-18T23:59:25Z,307.3,tau2 log timestamp (local time + 4 h)
A,24,1,373753,2,1,1,1,completed: produced the saved record,,True,this attempt,1,2026-09-18T23:59:25Z,2026-09-19T00:03:14Z,228.4,tau2 log timestamp (local time + 4 h)
A,25,1,373753,2,1,1,1,completed: produced the saved record,,True,this attempt,0,2026-09-19T00:03:14Z,2026-09-19T00:07:43Z,268.8,tau2 log timestamp (local time + 4 h)
A,26,1,373753,2,1,1,1,completed: produced the saved record,,True,this attempt,0,2026-09-19T00:07:43Z,2026-09-19T00:08:05Z,22.0,tau2 log timestamp (local time + 4 h)
A,27,1,373753,2,1,1,1,completed: produced the saved record,,True,this attempt,0,2026-09-19T00:08:05Z,2026-09-19T00:08:42Z,37.1,tau2 log timestamp (local time + 4 h)
A,28,1,373753,2,1,1,1,completed: produced the saved record,,True,this attempt,0,2026-09-19T00:08:42Z,2026-09-19T00:09:37Z,54.7,tau2 log timestamp (local time + 4 h)
A,29,1,373753,2,1,1,1,completed: produced the saved record,,True,this attempt,0,2026-09-19T00:09:37Z,2026-09-19T00:13:15Z,218.3,tau2 log timestamp (local time + 4 h)
A,30,1,373753,2,1,1,1,completed: produced the saved record,,True,this attempt,0,2026-09-19T00:13:15Z,2026-09-19T00:14:00Z,44.7,tau2 log timestamp (local time + 4 h)
A,31,1,373753,2,1,1,1,completed: produced the saved record,,True,this attempt,1,2026-09-19T00:14:00Z,2026-09-19T00:16:07Z,127.9,tau2 log timestamp (local time + 4 h)
A,32,1,373753,2,1,1,4,"failed: discarded, no simulation record",context_window_overflow (litellm.BadRequestError),False,a later attempt,0,2026-09-19T00:16:07Z,2026-09-19T00:22:28Z,381.0,tau2 log timestamp (local time + 4 h)
A,32,1,373753,2,2,2,4,"failed: discarded, no simulation record",context_window_overflow (litellm.BadRequestError),False,a later attempt,0,2026-09-19T00:22:28Z,2026-09-19T00:29:54Z,445.4,tau2 log timestamp (local time + 4 h)
A,32,1,373753,2,3,3,4,"failed: discarded, no simulation record",context_window_overflow (litellm.BadRequestError),False,a later attempt,0,2026-09-19T00:29:54Z,2026-09-19T00:37:15Z,441.5,tau2 log timestamp (local time + 4 h)
A,32,1,373753,2,4,4,4,"failed: discarded, no simulation record; last allowed attempt, tau2 then saved an infrastructure_error placeholder",context_window_overflow (litellm.BadRequestError),False,placeholder written by tau2 after this attempt (attempts exhausted),0,2026-09-19T00:37:15Z,2026-09-19T00:44:39Z,443.5,tau2 log timestamp (local time + 4 h)
A,33,1,373753,2,1,1,1,completed: produced the saved record,,True,this attempt,0,2026-09-19T00:44:39Z,2026-09-19T00:49:17Z,278.2,tau2 log timestamp (local time + 4 h)
A,34,1,373753,2,1,1,1,completed: produced the saved record,,True,this attempt,0,2026-09-19T00:49:17Z,2026-09-19T00:51:38Z,140.5,tau2 log timestamp (local time + 4 h)
A,35,1,373753,2,1,1,1,completed: produced the saved record,,True,this attempt,0,2026-09-19T00:51:38Z,2026-09-19T00:52:48Z,70.4,tau2 log timestamp (local time + 4 h)
A,36,1,373753,2,1,1,1,completed: produced the saved record,,True,this attempt,0,2026-09-19T00:52:48Z,2026-09-19T00:53:28Z,40.4,tau2 log timestamp (local time + 4 h)
A,37,1,373753,2,1,1,1,completed: produced the saved record,,True,this attempt,0,2026-09-19T00:53:28Z,2026-09-19T00:56:08Z,159.7,tau2 log timestamp (local time + 4 h)
A,38,1,373753,2,1,1,1,completed: produced the saved record,,True,this attempt,0,2026-09-19T00:56:08Z,2026-09-19T00:56:56Z,48.0,tau2 log timestamp (local time + 4 h)
A,39,1,373753,2,1,1,1,completed: produced the saved record,,True,this attempt,0,2026-09-19T00:56:56Z,2026-09-19T00:59:25Z,148.6,tau2 log timestamp (local time + 4 h)
A,40,1,373753,2,1,1,1,completed: produced the saved record,,True,this attempt,0,2026-09-19T00:59:25Z,2026-09-19T01:02:02Z,157.3,tau2 log timestamp (local time + 4 h)
A,41,1,373753,2,1,1,1,completed: produced the saved record,,True,this attempt,0,2026-09-19T01:02:02Z,2026-09-19T01:03:18Z,75.9,tau2 log timestamp (local time + 4 h)
A,42,1,373753,2,1,1,1,completed: produced the saved record,,True,this attempt,0,2026-09-19T01:03:18Z,2026-09-19T01:05:19Z,120.8,tau2 log timestamp (local time + 4 h)
A,43,1,373753,2,1,1,1,completed: produced the saved record,,True,this attempt,0,2026-09-19T01:05:19Z,2026-09-19T01:08:43Z,204.8,tau2 log timestamp (local time + 4 h)
A,44,1,373753,2,1,1,1,completed: produced the saved record,,True,this attempt,0,2026-09-19T01:08:43Z,2026-09-19T01:10:17Z,93.1,tau2 log timestamp (local time + 4 h)
A,45,1,373753,2,1,1,1,completed: produced the saved record,,True,this attempt,0,2026-09-19T01:10:17Z,2026-09-19T01:13:48Z,211.8,tau2 log timestamp (local time + 4 h)
A,46,1,373753,2,1,1,1,completed: produced the saved record,,True,this attempt,0,2026-09-19T01:13:48Z,2026-09-19T01:14:31Z,42.8,tau2 log timestamp (local time + 4 h)
A,47,1,373753,2,1,1,1,completed: produced the saved record,,True,this attempt,0,2026-09-19T01:14:31Z,2026-09-19T01:18:53Z,262.0,tau2 log timestamp (local time + 4 h)
A,48,1,373753,2,1,1,1,completed: produced the saved record,,True,this attempt,0,2026-09-19T01:18:53Z,2026-09-19T01:28:20Z,567.0,tau2 log timestamp (local time + 4 h)
A,49,1,373753,2,1,1,1,completed: produced the saved record,,True,this attempt,0,2026-09-19T01:28:20Z,2026-09-19T01:34:30Z,370.0,tau2 log timestamp (local time + 4 h)
B,1,0,626729,2,1,1,1,completed: produced the saved record,,True,this attempt,0,2026-09-19T01:34:39Z,2026-09-19T01:35:16Z,36.2,tau2 log timestamp (local time + 4 h)
B,2,0,626729,2,1,1,1,completed: produced the saved record,,True,this attempt,0,2026-09-19T01:35:16Z,2026-09-19T01:37:52Z,156.1,tau2 log timestamp (local time + 4 h)
B,3,0,626729,2,1,1,1,completed: produced the saved record,,True,this attempt,0,2026-09-19T01:37:52Z,2026-09-19T01:42:32Z,279.9,tau2 log timestamp (local time + 4 h)
B,4,0,626729,2,1,1,1,completed: produced the saved record,,True,this attempt,0,2026-09-19T01:42:32Z,2026-09-19T01:46:24Z,232.1,tau2 log timestamp (local time + 4 h)
B,5,0,626729,2,1,1,1,completed: produced the saved record,,True,this attempt,0,2026-09-19T01:46:24Z,2026-09-19T01:52:34Z,370.5,tau2 log timestamp (local time + 4 h)
B,6,0,626729,2,1,1,1,completed: produced the saved record,,True,this attempt,0,2026-09-19T01:52:34Z,2026-09-19T01:53:04Z,29.5,tau2 log timestamp (local time + 4 h)
B,7,0,626729,2,1,1,1,completed: produced the saved record,,True,this attempt,0,2026-09-19T01:53:04Z,2026-09-19T01:53:44Z,40.8,tau2 log timestamp (local time + 4 h)
B,8,0,626729,2,1,1,1,completed: produced the saved record,,True,this attempt,0,2026-09-19T01:53:44Z,2026-09-19T01:54:49Z,64.2,tau2 log timestamp (local time + 4 h)
B,9,0,626729,2,1,1,1,completed: produced the saved record,,True,this attempt,0,2026-09-19T01:54:49Z,2026-09-19T01:55:59Z,69.9,tau2 log timestamp (local time + 4 h)
B,10,0,626729,2,1,1,1,completed: produced the saved record,,True,this attempt,0,2026-09-19T01:55:59Z,2026-09-19T01:56:48Z,49.0,tau2 log timestamp (local time + 4 h)
B,11,0,626729,2,1,1,1,completed: produced the saved record,,True,this attempt,0,2026-09-19T01:56:48Z,2026-09-19T01:57:32Z,44.7,tau2 log timestamp (local time + 4 h)
B,12,0,626729,2,1,1,1,completed: produced the saved record,,True,this attempt,0,2026-09-19T01:57:32Z,2026-09-19T01:59:07Z,95.0,tau2 log timestamp (local time + 4 h)
B,13,0,626729,2,1,1,1,completed: produced the saved record,,True,this attempt,0,2026-09-19T01:59:07Z,2026-09-19T01:59:40Z,32.9,tau2 log timestamp (local time + 4 h)
B,14,0,626729,2,1,1,1,completed: produced the saved record,,True,this attempt,0,2026-09-19T01:59:40Z,2026-09-19T02:01:24Z,103.3,tau2 log timestamp (local time + 4 h)
B,15,0,626729,2,1,1,1,completed: produced the saved record,,True,this attempt,0,2026-09-19T02:01:24Z,2026-09-19T02:02:39Z,75.6,tau2 log timestamp (local time + 4 h)
B,16,0,626729,2,1,1,1,completed: produced the saved record,,True,this attempt,0,2026-09-19T02:02:39Z,2026-09-19T02:03:46Z,67.3,tau2 log timestamp (local time + 4 h)
B,17,0,626729,2,1,1,1,completed: produced the saved record,,True,this attempt,0,2026-09-19T02:03:46Z,2026-09-19T02:04:30Z,43.4,tau2 log timestamp (local time + 4 h)
B,18,0,626729,2,1,1,1,completed: produced the saved record,,True,this attempt,0,2026-09-19T02:04:30Z,2026-09-19T02:05:23Z,53.5,tau2 log timestamp (local time + 4 h)
B,19,0,626729,2,1,1,1,completed: produced the saved record,,True,this attempt,0,2026-09-19T02:05:23Z,2026-09-19T02:06:14Z,50.4,tau2 log timestamp (local time + 4 h)
B,20,0,626729,2,1,1,1,completed: produced the saved record,,True,this attempt,0,2026-09-19T02:06:14Z,2026-09-19T02:06:58Z,44.4,tau2 log timestamp (local time + 4 h)
B,21,0,626729,2,1,1,1,completed: produced the saved record,,True,this attempt,0,2026-09-19T02:06:58Z,2026-09-19T02:07:55Z,57.3,tau2 log timestamp (local time + 4 h)
B,22,0,626729,2,1,1,1,completed: produced the saved record,,True,this attempt,0,2026-09-19T02:07:55Z,2026-09-19T02:08:43Z,47.3,tau2 log timestamp (local time + 4 h)
B,23,0,626729,2,1,1,1,completed: produced the saved record,,True,this attempt,0,2026-09-19T02:08:43Z,2026-09-19T02:10:57Z,134.2,tau2 log timestamp (local time + 4 h)
B,24,0,626729,2,1,1,1,completed: produced the saved record,,True,this attempt,0,2026-09-19T02:10:57Z,2026-09-19T02:12:16Z,78.6,tau2 log timestamp (local time + 4 h)
B,25,0,626729,2,1,1,1,completed: produced the saved record,,True,this attempt,0,2026-09-19T02:12:16Z,2026-09-19T02:13:47Z,91.1,tau2 log timestamp (local time + 4 h)
B,26,0,626729,2,1,1,1,completed: produced the saved record,,True,this attempt,0,2026-09-19T02:13:47Z,2026-09-19T02:14:09Z,22.1,tau2 log timestamp (local time + 4 h)
B,27,0,626729,2,1,1,1,completed: produced the saved record,,True,this attempt,0,2026-09-19T02:14:09Z,2026-09-19T02:22:21Z,492.4,tau2 log timestamp (local time + 4 h)
B,28,0,626729,2,1,1,1,completed: produced the saved record,,True,this attempt,0,2026-09-19T02:22:21Z,2026-09-19T02:26:23Z,242.3,tau2 log timestamp (local time + 4 h)
B,29,0,626729,2,1,1,1,completed: produced the saved record,,True,this attempt,0,2026-09-19T02:26:23Z,2026-09-19T02:32:30Z,366.7,tau2 log timestamp (local time + 4 h)
B,30,0,626729,2,1,1,1,completed: produced the saved record,,True,this attempt,0,2026-09-19T02:32:30Z,2026-09-19T02:33:40Z,69.4,tau2 log timestamp (local time + 4 h)
B,31,0,626729,2,1,1,1,completed: produced the saved record,,True,this attempt,0,2026-09-19T02:33:40Z,2026-09-19T02:34:46Z,66.3,tau2 log timestamp (local time + 4 h)
B,32,0,626729,2,1,1,1,completed: produced the saved record,,True,this attempt,0,2026-09-19T02:34:46Z,2026-09-19T02:37:21Z,155.5,tau2 log timestamp (local time + 4 h)
B,33,0,626729,2,1,1,1,completed: produced the saved record,,True,this attempt,0,2026-09-19T02:37:21Z,2026-09-19T02:45:24Z,482.2,tau2 log timestamp (local time + 4 h)
B,34,0,626729,2,1,1,1,completed: produced the saved record,,True,this attempt,0,2026-09-19T02:45:24Z,2026-09-19T02:45:52Z,28.3,tau2 log timestamp (local time + 4 h)
B,35,0,626729,2,1,1,1,completed: produced the saved record,,True,this attempt,0,2026-09-19T02:45:52Z,2026-09-19T02:49:35Z,223.3,tau2 log timestamp (local time + 4 h)
B,36,0,626729,2,1,1,1,completed: produced the saved record,,True,this attempt,0,2026-09-19T02:49:35Z,2026-09-19T02:55:43Z,367.8,tau2 log timestamp (local time + 4 h)
B,37,0,626729,2,1,1,1,completed: produced the saved record,,True,this attempt,0,2026-09-19T02:55:43Z,2026-09-19T02:56:30Z,46.9,tau2 log timestamp (local time + 4 h)
B,38,0,626729,2,1,1,1,completed: produced the saved record,,True,this attempt,0,2026-09-19T02:56:30Z,2026-09-19T02:56:57Z,27.6,tau2 log timestamp (local time + 4 h)
B,39,0,626729,2,1,1,1,completed: produced the saved record,,True,this attempt,0,2026-09-19T02:56:57Z,2026-09-19T02:57:40Z,42.5,tau2 log timestamp (local time + 4 h)
B,40,0,626729,2,1,1,1,completed: produced the saved record,,True,this attempt,0,2026-09-19T02:57:40Z,2026-09-19T02:57:53Z,12.8,tau2 log timestamp (local time + 4 h)
B,41,0,626729,2,1,1,1,completed: produced the saved record,,True,this attempt,0,2026-09-19T02:57:53Z,2026-09-19T03:01:37Z,224.0,tau2 log timestamp (local time + 4 h)
B,42,0,626729,2,1,1,1,completed: produced the saved record,,True,this attempt,0,2026-09-19T03:01:37Z,2026-09-19T03:02:32Z,55.4,tau2 log timestamp (local time + 4 h)
B,43,0,626729,2,1,1,1,completed: produced the saved record,,True,this attempt,0,2026-09-19T03:02:32Z,2026-09-19T03:03:00Z,28.2,tau2 log timestamp (local time + 4 h)
B,44,0,626729,2,1,1,1,completed: produced the saved record,,True,this attempt,0,2026-09-19T03:03:00Z,2026-09-19T03:05:53Z,173.1,tau2 log timestamp (local time + 4 h)
B,45,0,626729,2,1,1,1,completed: produced the saved record,,True,this attempt,0,2026-09-19T03:05:53Z,2026-09-19T03:11:48Z,355.0,tau2 log timestamp (local time + 4 h)
B,46,0,626729,2,1,1,1,completed: produced the saved record,,True,this attempt,0,2026-09-19T03:11:48Z,2026-09-19T03:12:32Z,43.2,tau2 log timestamp (local time + 4 h)
B,47,0,626729,2,1,1,1,completed: produced the saved record,,True,this attempt,0,2026-09-19T03:12:32Z,2026-09-19T03:13:45Z,74.0,tau2 log timestamp (local time + 4 h)
B,48,0,626729,2,1,1,1,completed: produced the saved record,,True,this attempt,0,2026-09-19T03:13:45Z,2026-09-19T03:14:17Z,31.1,tau2 log timestamp (local time + 4 h)
B,49,0,626729,2,1,1,1,completed: produced the saved record,,True,this attempt,0,2026-09-19T03:14:17Z,2026-09-19T03:14:40Z,23.0,tau2 log timestamp (local time + 4 h)
B,1,1,373753,2,1,1,1,completed: produced the saved record,,True,this attempt,0,2026-09-19T03:14:40Z,2026-09-19T03:15:11Z,31.5,tau2 log timestamp (local time + 4 h)
B,2,1,373753,2,1,1,1,completed: produced the saved record,,True,this attempt,0,2026-09-19T03:15:11Z,2026-09-19T03:16:38Z,86.9,tau2 log timestamp (local time + 4 h)
B,3,1,373753,2,1,1,1,completed: produced the saved record,,True,this attempt,0,2026-09-19T03:16:38Z,2026-09-19T03:17:07Z,28.6,tau2 log timestamp (local time + 4 h)
B,4,1,373753,2,1,1,1,completed: produced the saved record,,True,this attempt,0,2026-09-19T03:17:07Z,2026-09-19T03:22:44Z,337.0,tau2 log timestamp (local time + 4 h)
B,5,1,373753,2,1,1,1,completed: produced the saved record,,True,this attempt,0,2026-09-19T03:22:44Z,2026-09-19T03:26:36Z,232.4,tau2 log timestamp (local time + 4 h)
B,6,1,373753,2,1,1,1,completed: produced the saved record,,True,this attempt,0,2026-09-19T03:26:36Z,2026-09-19T03:31:57Z,320.9,tau2 log timestamp (local time + 4 h)
B,7,1,373753,2,1,1,1,completed: produced the saved record,,True,this attempt,0,2026-09-19T03:31:57Z,2026-09-19T03:32:37Z,39.8,tau2 log timestamp (local time + 4 h)
B,8,1,373753,2,1,1,1,completed: produced the saved record,,True,this attempt,0,2026-09-19T03:32:37Z,2026-09-19T03:33:49Z,72.5,tau2 log timestamp (local time + 4 h)
B,9,1,373753,2,1,1,1,completed: produced the saved record,,True,this attempt,0,2026-09-19T03:33:49Z,2026-09-19T03:38:00Z,250.5,tau2 log timestamp (local time + 4 h)
B,10,1,373753,2,1,1,1,completed: produced the saved record,,True,this attempt,0,2026-09-19T03:38:00Z,2026-09-19T03:40:24Z,144.9,tau2 log timestamp (local time + 4 h)
B,11,1,373753,2,1,1,1,completed: produced the saved record,,True,this attempt,0,2026-09-19T03:40:24Z,2026-09-19T03:42:25Z,120.3,tau2 log timestamp (local time + 4 h)
B,12,1,373753,2,1,1,1,completed: produced the saved record,,True,this attempt,0,2026-09-19T03:42:25Z,2026-09-19T03:43:01Z,36.6,tau2 log timestamp (local time + 4 h)
B,13,1,373753,2,1,1,1,completed: produced the saved record,,True,this attempt,0,2026-09-19T03:43:01Z,2026-09-19T03:43:45Z,43.4,tau2 log timestamp (local time + 4 h)
B,14,1,373753,2,1,1,1,completed: produced the saved record,,True,this attempt,0,2026-09-19T03:43:45Z,2026-09-19T03:46:02Z,137.4,tau2 log timestamp (local time + 4 h)
B,15,1,373753,2,1,1,1,completed: produced the saved record,,True,this attempt,0,2026-09-19T03:46:02Z,2026-09-19T03:48:45Z,162.5,tau2 log timestamp (local time + 4 h)
B,16,1,373753,2,1,1,1,completed: produced the saved record,,True,this attempt,0,2026-09-19T03:48:45Z,2026-09-19T03:49:45Z,60.3,tau2 log timestamp (local time + 4 h)
B,17,1,373753,2,1,1,1,completed: produced the saved record,,True,this attempt,0,2026-09-19T03:49:45Z,2026-09-19T03:50:28Z,43.4,tau2 log timestamp (local time + 4 h)
B,18,1,373753,2,1,1,1,completed: produced the saved record,,True,this attempt,0,2026-09-19T03:50:28Z,2026-09-19T03:52:23Z,114.1,tau2 log timestamp (local time + 4 h)
B,19,1,373753,2,1,1,1,completed: produced the saved record,,True,this attempt,0,2026-09-19T03:52:23Z,2026-09-19T03:53:27Z,64.2,tau2 log timestamp (local time + 4 h)
B,20,1,373753,2,1,1,1,completed: produced the saved record,,True,this attempt,0,2026-09-19T03:53:27Z,2026-09-19T03:54:05Z,37.9,tau2 log timestamp (local time + 4 h)
B,21,1,373753,2,1,1,1,completed: produced the saved record,,True,this attempt,0,2026-09-19T03:54:05Z,2026-09-19T03:55:22Z,77.2,tau2 log timestamp (local time + 4 h)
B,22,1,373753,2,1,1,1,completed: produced the saved record,,True,this attempt,0,2026-09-19T03:55:22Z,2026-09-19T03:56:14Z,51.9,tau2 log timestamp (local time + 4 h)
B,23,1,373753,2,1,1,1,completed: produced the saved record,,True,this attempt,0,2026-09-19T03:56:14Z,2026-09-19T03:57:29Z,75.4,tau2 log timestamp (local time + 4 h)
B,24,1,373753,2,1,1,1,completed: produced the saved record,,True,this attempt,0,2026-09-19T03:57:29Z,2026-09-19T04:01:05Z,216.0,tau2 log timestamp (local time + 4 h)
B,25,1,373753,2,1,1,1,completed: produced the saved record,,True,this attempt,0,2026-09-19T04:01:05Z,2026-09-19T04:02:28Z,82.8,tau2 log timestamp (local time + 4 h)
B,26,1,373753,2,1,1,1,completed: produced the saved record,,True,this attempt,0,2026-09-19T04:02:28Z,2026-09-19T04:02:49Z,20.6,tau2 log timestamp (local time + 4 h)
B,27,1,373753,2,1,1,1,completed: produced the saved record,,True,this attempt,0,2026-09-19T04:02:49Z,2026-09-19T04:10:35Z,466.5,tau2 log timestamp (local time + 4 h)
B,28,1,373753,2,1,1,1,completed: produced the saved record,,True,this attempt,0,2026-09-19T04:10:35Z,2026-09-19T04:11:13Z,37.8,tau2 log timestamp (local time + 4 h)
B,29,1,373753,2,1,1,1,completed: produced the saved record,,True,this attempt,0,2026-09-19T04:11:13Z,2026-09-19T04:12:36Z,83.2,tau2 log timestamp (local time + 4 h)
B,30,1,373753,2,1,1,1,completed: produced the saved record,,True,this attempt,0,2026-09-19T04:12:36Z,2026-09-19T04:13:33Z,57.0,tau2 log timestamp (local time + 4 h)
B,31,1,373753,2,1,1,1,completed: produced the saved record,,True,this attempt,0,2026-09-19T04:13:33Z,2026-09-19T04:14:32Z,58.8,tau2 log timestamp (local time + 4 h)
B,32,1,373753,2,1,1,1,completed: produced the saved record,,True,this attempt,0,2026-09-19T04:14:32Z,2026-09-19T04:17:30Z,178.4,tau2 log timestamp (local time + 4 h)
B,33,1,373753,2,1,1,1,completed: produced the saved record,,True,this attempt,0,2026-09-19T04:17:30Z,2026-09-19T04:18:41Z,70.2,tau2 log timestamp (local time + 4 h)
B,34,1,373753,2,1,1,1,completed: produced the saved record,,True,this attempt,0,2026-09-19T04:18:41Z,2026-09-19T04:19:28Z,47.8,tau2 log timestamp (local time + 4 h)
B,35,1,373753,2,1,1,1,completed: produced the saved record,,True,this attempt,0,2026-09-19T04:19:28Z,2026-09-19T04:23:09Z,220.7,tau2 log timestamp (local time + 4 h)
B,36,1,373753,2,1,1,1,completed: produced the saved record,,True,this attempt,0,2026-09-19T04:23:09Z,2026-09-19T04:24:09Z,59.6,tau2 log timestamp (local time + 4 h)
B,37,1,373753,2,1,1,1,completed: produced the saved record,,True,this attempt,0,2026-09-19T04:24:09Z,2026-09-19T04:24:48Z,39.6,tau2 log timestamp (local time + 4 h)
B,38,1,373753,2,1,1,1,completed: produced the saved record,,True,this attempt,0,2026-09-19T04:24:48Z,2026-09-19T04:25:14Z,25.5,tau2 log timestamp (local time + 4 h)
B,39,1,373753,2,1,1,1,completed: produced the saved record,,True,this attempt,0,2026-09-19T04:25:14Z,2026-09-19T04:26:08Z,54.0,tau2 log timestamp (local time + 4 h)
B,40,1,373753,2,1,1,1,completed: produced the saved record,,True,this attempt,0,2026-09-19T04:26:08Z,2026-09-19T04:26:30Z,21.9,tau2 log timestamp (local time + 4 h)
B,41,1,373753,2,1,1,1,completed: produced the saved record,,True,this attempt,0,2026-09-19T04:26:30Z,2026-09-19T04:27:15Z,45.2,tau2 log timestamp (local time + 4 h)
B,42,1,373753,2,1,1,1,completed: produced the saved record,,True,this attempt,0,2026-09-19T04:27:15Z,2026-09-19T04:28:11Z,56.6,tau2 log timestamp (local time + 4 h)
B,43,1,373753,2,1,1,1,completed: produced the saved record,,True,this attempt,0,2026-09-19T04:28:11Z,2026-09-19T04:28:38Z,26.3,tau2 log timestamp (local time + 4 h)
B,44,1,373753,2,1,1,1,completed: produced the saved record,,True,this attempt,0,2026-09-19T04:28:38Z,2026-09-19T04:30:38Z,120.0,tau2 log timestamp (local time + 4 h)
B,45,1,373753,2,1,1,1,completed: produced the saved record,,True,this attempt,0,2026-09-19T04:30:38Z,2026-09-19T04:36:14Z,336.3,tau2 log timestamp (local time + 4 h)
B,46,1,373753,2,1,1,1,completed: produced the saved record,,True,this attempt,0,2026-09-19T04:36:14Z,2026-09-19T04:36:54Z,39.5,tau2 log timestamp (local time + 4 h)
B,47,1,373753,2,1,1,1,completed: produced the saved record,,True,this attempt,0,2026-09-19T04:36:54Z,2026-09-19T04:43:12Z,378.8,tau2 log timestamp (local time + 4 h)
B,48,1,373753,2,1,1,1,completed: produced the saved record,,True,this attempt,0,2026-09-19T04:43:12Z,2026-09-19T04:49:01Z,348.6,tau2 log timestamp (local time + 4 h)
B,49,1,373753,2,1,1,1,completed: produced the saved record,,True,this attempt,0,2026-09-19T04:49:01Z,2026-09-19T04:56:42Z,460.7,tau2 log timestamp (local time + 4 h)
