pair_index,n,z,decisive_tier,success_diff,n_win,n_loss,n_tie,n_succ_pos,n_succ_neg,nb_hat,succ_diff_hat,log_e_win,log_e_gate,log_e_harm,e_win,e_gate,e_harm,win_cross,gate_cross,deploy,harm
1,1,-1,0,-1,0,1,0,0,1,-1.0,-1.0,-0.1252989463988574,-0.12490879422820234,0.11133283533037641,0.8822331227435461,0.8825773950663384,1.117766877256454,False,False,False,False
2,2,-1,0,-1,0,2,0,0,2,-1.0,-1.0,-0.18679917547900793,-0.18617217086504523,0.2628855399485279,0.8296103257535086,0.8301306583639741,1.3006778347793244,False,False,False,False
3,3,-1,1,0,0,3,0,0,2,-1.0,-0.6666666666666666,-0.23028364025592696,-0.18486212940702496,0.46784894010176314,0.794308272746783,0.8312188765918674,1.5965562088517147,False,False,False,False
4,4,-1,1,0,0,4,0,0,2,-1.0,-0.5,-0.2641975829530421,-0.18354370422592492,0.7383803233959125,0.7678218161663638,0.8323154992383776,2.0925435244828257,False,False,False,False
5,5,-1,0,-1,0,5,0,0,3,-1.0,-0.6,-0.2921775648277807,-0.2274240246714787,1.0816110988670364,0.7466359479187109,0.7965829398490615,2.9494275446705833,False,False,False,False
6,6,1,0,1,1,5,0,1,3,-0.6666666666666666,-0.3333333333333333,-0.2688092812688745,-0.19241546332781345,0.35893213551443415,0.7642890059785316,0.8249640549717855,1.4317996299291256,False,False,False,False
7,7,-1,1,0,1,6,0,1,3,-0.7142857142857143,-0.2857142857142857,-0.29556270206851964,-0.19119949557899663,0.5449066537736695,0.7441127558513234,0.8259677947905126,1.724447404205512,False,False,False,False
8,8,-1,1,0,1,7,0,1,3,-0.75,-0.25,-0.31870433178637736,-0.18997654501633265,0.775733783713259,0.7270904950762777,0.8269785304838144,2.172185456842682,False,False,False,False
9,9,-1,1,0,1,8,0,1,3,-0.7777777777777778,-0.2222222222222222,-0.3391421857121273,-0.1887465448370933,1.055322960916294,0.7123811514664978,0.8279963400491901,2.8729028394236433,False,False,False,False
10,10,-1,1,0,1,9,0,1,3,-0.8,-0.2,-0.3574780474912176,-0.18750942746143373,1.38426010306484,0.6994380531942018,0.829021302577202,3.991871238582201,False,False,False,False
11,11,-1,0,-1,1,10,0,1,4,-0.8181818181818182,-0.2727272727272727,-0.3741313592534885,-0.22859968999713765,1.7597170798125705,0.6878865456307723,0.7956469752060645,5.810793171128488,False,False,False,False
12,12,-1,1,0,1,11,0,1,4,-0.8333333333333334,-0.25,-0.38940622308429473,-0.22760013096237453,2.1763464375063637,0.6774590146198066,0.7964426689337916,8.814044696670344,False,False,False,False
13,13,-1,1,0,1,12,0,1,4,-0.8461538461538461,-0.23076923076923078,-0.40353022508927605,-0.22659574025752516,2.627653633409355,0.6679578374086097,0.7972430104079007,13.84125511267044,False,False,False,False
14,14,-1,1,0,1,13,0,1,4,-0.8571428571428571,-0.21428571428571427,-0.4166781912627835,-0.22558647730132142,3.1072218372000413,0.6592330327622157,0.7980480444225677,22.358841534108823,False,False,False,False
15,15,1,0,1,2,13,0,2,4,-0.7333333333333333,-0.13333333333333333,-0.40451867497158256,-0.1913418619639513,2.05049036752999,0.6672979207638324,0.8258502131115172,7.771711166874125,False,False,False,False
16,16,-1,1,0,2,14,0,2,4,-0.75,-0.125,-0.41753974846698316,-0.19016314730473383,2.4615457190616765,0.6586653103913598,0.8268242287945394,11.722917880344209,False,False,False,False
17,17,-1,1,0,2,15,0,2,4,-0.7647058823529411,-0.11764705882352941,-0.4297455550853546,-0.1889781136497306,2.9000269473734375,0.6506746345138853,0.8278046241184288,18.174635121523973,False,False,False,False
18,18,1,0,1,3,15,0,3,4,-0.6666666666666666,-0.05555555555555555,-0.4183813747441971,-0.14886413983588165,2.019160032658266,0.6581111935705919,0.8616861757720824,7.531995645476088,False,False,False,False
19,19,-1,0,-1,3,16,0,3,5,-0.6842105263157895,-0.10526315789473684,-0.4304881824490341,-0.19534852204684316,2.4072241201243165,0.6501916051030712,0.8225479320048567,11.10309746314121,False,False,False,False
20,20,-1,1,0,3,17,0,3,5,-0.7,-0.1,-0.44190083920718237,-0.1942254774368477,2.8221403336470225,0.6428133741791051,0.8234722089313241,16.812797185167526,False,False,False,False
21,21,1,0,1,4,17,0,4,5,-0.6190476190476191,-0.047619047619047616,-0.43121613200181796,-0.1561861350472995,2.026009700885678,0.6497184706448145,0.855399955640693,7.583764413774701,False,False,False,False
22,22,-1,0,-1,4,18,0,4,6,-0.6363636363636364,-0.09090909090909091,-0.4425496253415493,-0.19968246983788385,2.395868896945522,0.6423964610333103,0.8189907660655346,10.977732434466802,False,False,False,False
23,23,-1,1,0,4,19,0,4,6,-0.6521739130434783,-0.08695652173913043,-0.4532830470029392,-0.19860892587416767,2.791235913022597,0.6355382209770465,0.8198704607697662,16.301154165781043,False,False,False,False
24,24,-1,0,-1,4,20,0,4,7,-0.6666666666666666,-0.125,-0.4634817682121879,-0.23412475200198157,3.2086066470052512,0.629089484174314,0.7912630980825095,24.744584252884266,False,False,False,True
25,25,1,0,1,5,20,0,5,7,-0.6,-0.08,-0.4538561430193111,-0.20338822424306935,2.4172710274160214,0.6351741009022006,0.8159614039291765,11.215211510657255,False,False,False,False
26,26,1,0,1,6,20,0,6,7,-0.5384615384615384,-0.038461538461538464,-0.4438143534688277,-0.16852881221442084,1.7981440091990044,0.6415845177121832,0.8449069194289077,6.038429787542399,False,False,False,False
27,27,-1,1,0,6,21,0,6,7,-0.5555555555555556,-0.037037037037037035,-0.4544206154138397,-0.16734431828442364,2.1189194340554303,0.6348156638299554,0.8459082994936078,8.322140006300428,False,False,False,False
28,28,-1,1,0,6,22,0,6,7,-0.5714285714285714,-0.03571428571428571,-0.4645107336326162,-0.16615416502651392,2.464150070488587,0.6284425057650325,0.8469156593495427,11.753488268992077,False,False,False,False
29,29,0,-1,0,6,22,1,6,7,-0.5517241379310345,-0.034482758620689655,-0.4645107336326162,-0.16495830966158254,2.464150070488587,0.6284425057650325,0.8479290538002469,11.753488268992077,False,False,False,False
30,30,-1,1,0,6,23,1,6,7,-0.5666666666666667,-0.03333333333333333,-0.4741364187299415,-0.16375670902714523,2.831288283428257,0.6224223367111005,0.8489485382731812,16.967305448917998,False,False,False,False
31,31,-1,1,0,6,24,1,6,7,-0.5806451612903226,-0.03225806451612903,-0.48334195084067,-0.16254931957378638,3.217800672851791,0.6167188997666181,0.8499741688278979,24.97313564381095,False,False,False,True
32,32,-1,1,0,6,25,1,6,7,-0.59375,-0.03125,-0.4921655314655289,-0.16133609736157606,3.621340282725655,0.6113011678787185,0.8510060021643228,37.38764427002634,False,False,False,True
33,33,1,0,1,7,25,1,7,7,-0.5454545454545454,0.0,-0.48376193901338915,-0.12030810837936645,2.8880498656326776,0.6164599395067534,0.8866472111924719,17.95825442237893,False,False,False,False
34,34,1,0,1,8,25,1,8,7,-0.5,0.029411764705882353,-0.47504919359075704,-0.072854497584109,2.279518862881434,0.6218544644585259,0.9297360990331208,9.771977617122237,False,False,False,False
35,35,-1,1,0,8,26,1,8,7,-0.5142857142857142,0.02857142857142857,-0.4841773212027243,-0.07119830265733773,2.611294051593197,0.6162039262028082,0.9312771990723414,13.616660116442837,False,False,False,False
36,36,0,-1,0,8,26,2,8,7,-0.5,0.027777777777777776,-0.4841773212027243,-0.06953290148077107,2.611294051593197,0.6162039262028082,0.9328294414097238,13.616660116442837,False,False,False,False
37,37,0,-1,0,8,26,3,8,7,-0.4864864864864865,0.02702702702702703,-0.4841773212027243,-0.06785822093675797,2.611294051593197,0.6162039262028082,0.9343929415423515,13.616660116442837,False,False,False,False
38,38,0,-1,0,8,26,4,8,7,-0.47368421052631576,0.02631578947368421,-0.4841773212027243,-0.06617418727718416,2.611294051593197,0.6162039262028082,0.9359678164061257,13.616660116442837,False,False,False,False
39,39,-1,0,-1,8,27,4,8,8,-0.48717948717948717,0.0,-0.492933096349482,-0.12253464888516907,2.9616691062977085,0.6108321345985007,0.8846752514012334,19.330209017917536,False,False,False,False
40,40,-1,0,-1,8,28,4,8,9,-0.5,-0.025,-0.50134817700286,-0.1677993957411945,3.328670467039768,0.6057134999874251,0.845523433274625,27.90122143886331,False,False,False,True
41,41,-1,1,0,8,29,4,8,9,-0.5121951219512195,-0.024390243902439025,-0.5094503320633139,-0.16666194954946478,3.7104809563791075,0.6008257427100022,0.8464857178535372,40.873460151739486,False,False,False,True
42,42,-1,0,-1,8,30,4,8,10,-0.5238095238095238,-0.047619047619047616,-0.517264049924397,-0.20432337574508574,4.105492659664856,0.5961493536578583,0.8151987130680386,60.67262814242725,False,False,False,True
43,43,1,0,1,9,30,4,9,10,-0.4883720930232558,-0.023255813953488372,-0.50977359709684,-0.17146921454016217,3.4082427851181865,0.600631548145989,0.842426202098837,30.212108421001492,False,False,False,True
44,44,-1,1,0,9,31,4,9,10,-0.5,-0.022727272727272728,-0.51756435954043,-0.17036886254166506,3.782250393964754,0.5959703511537949,0.8433536776351024,43.91475612292617,False,False,False,True
45,45,1,1,0,10,31,4,9,10,-0.4666666666666667,-0.022222222222222223,-0.5100941493441367,-0.16926385154886514,3.144236411884688,0.6004390452087064,0.8442861077976186,23.201951972639943,False,False,False,True
46,46,-1,1,0,10,32,4,9,10,-0.4782608695652174,-0.021739130434782608,-0.5178623217858744,-0.1681541505763411,3.4989217513253767,0.5957928009426902,0.8452235329471319,33.079764509938045,False,False,False,True
47,47,1,1,0,11,32,4,9,10,-0.44680851063829785,-0.02127659574468085,-0.510412053595493,-0.16703972839477466,2.9114121392546273,0.6002481934214589,0.8461659938527597,18.382739234470325,False,False,False,False
48,48,-1,1,0,11,33,4,9,10,-0.4583333333333333,-0.020833333333333332,-0.5181579892650325,-0.16592055352896384,3.248109353692968,0.5956166704264508,0.8471135316967499,25.741625571581302,False,False,False,True
49,49,-1,1,0,11,34,4,9,10,-0.46938775510204084,-0.02040816326530612,-0.5256442343307448,-0.1647965942558245,3.598244840163719,0.5911743868251362,0.8480661880793002,36.53405503154274,False,False,False,True
50,50,-1,1,0,11,35,4,9,10,-0.48,-0.02,-0.5328891679372609,-0.16366781860237545,3.9605212370497074,0.5869068453366768,0.849024005023442,52.48467577816518,False,False,False,True
51,51,-1,1,0,11,36,4,9,10,-0.49019607843137253,-0.0196078431372549,-0.5399092761634203,-0.1625341943437082,4.333786969295787,0.5828011239295241,0.8499870249799878,76.23243050236992,False,False,False,True
52,52,0,-1,0,11,36,5,9,10,-0.4807692307692308,-0.019230769230769232,-0.5399092761634203,-0.16139568900094536,4.333786969295787,0.5828011239295241,0.8509552908325414,76.23243050236992,False,False,False,True
53,53,-1,1,0,11,37,5,9,10,-0.49056603773584906,-0.018867924528301886,-0.5467194018610853,-0.16025226983918595,4.717037704502578,0.5788456589129407,0.8519288459025715,111.83646882149702,False,False,False,True
54,54,-1,1,0,11,38,5,9,10,-0.5,-0.018518518518518517,-0.5533329549263195,-0.15910390386543138,5.1094070583968705,0.5750300636595248,0.8529077339545562,165.57215114533508,False,False,False,True
55,55,-1,1,0,11,39,5,9,10,-0.509090909090909,-0.01818181818181818,-0.559762090229504,-0.15795055782650413,5.510151866480673,0.5713449762329014,0.8538919992011885,247.18866388970613,False,False,False,True
56,56,-1,1,0,11,40,5,9,10,-0.5178571428571429,-0.017857142857142856,-0.5660178589487943,-0.15679219820694668,5.918635690478061,0.5677819306171827,0.8548816863086537,371.9039754637907,False,False,False,True
57,57,-1,1,0,11,41,5,9,10,-0.5263157894736842,-0.017543859649122806,-0.5721103379041561,-0.15562879122690987,6.3343127939789525,0.564333247336251,0.8558768404019736,563.5819729530238,False,False,False,True
58,58,-1,0,-1,11,42,5,9,11,-0.5344827586206896,-0.034482758620689655,-0.5780487405947166,-0.1941650734289162,6.756713750440634,0.5609919400950093,0.8235219514554725,859.81199117981,False,False,False,True
59,59,-1,1,0,11,43,5,9,11,-0.5423728813559322,-0.03389830508474576,-0.5838415129399053,-0.19316870825891996,7.185433132109482,0.5577516357323273,0.82434288895348,1320.0608752220328,False,False,False,True
60,60,-1,1,0,11,44,5,9,11,-0.55,-0.03333333333333333,-0.5894964161697822,-0.19216842186234206,7.620119299658967,0.5546065052913258,0.825167880476526,2038.805344095456,False,False,False,True
61,61,-1,1,0,11,45,5,9,11,-0.5573770491803278,-0.03278688524590164,-0.5950205988684951,-0.19116418947630365,8.060466086394483,0.5515512044200855,0.8259969570090957,3166.7657768851486,False,False,False,True
62,62,-1,1,0,11,46,5,9,11,-0.5645161290322581,-0.03225806451612903,-0.6004206598215913,-0.19015598614974083,8.506206076055053,0.5485808216396871,0.8268301498321945,4945.365112709632,False,False,False,True
63,63,-1,1,0,11,47,5,9,11,-0.5714285714285714,-0.031746031746031744,-0.6057027030337228,-0.18914378674188503,8.957105156027795,0.5456908332753663,0.8276674905266381,7762.852656724799,False,False,False,True
64,64,-1,0,-1,11,48,5,9,12,-0.578125,-0.046875,-0.6108723860533178,-0.222570803717431,9.41295805187389,0.5428770640547561,0.8004583293184017,12246.041879383143,False,False,False,True
65,65,-1,1,0,11,49,5,9,12,-0.5846153846153846,-0.046153846153846156,-0.6159349625538417,-0.22169002878728028,9.873584591646868,0.5401356525454644,0.8011636635222399,19410.794185787923,False,False,False,True
66,66,-1,1,0,11,50,5,9,12,-0.5909090909090909,-0.045454545454545456,-0.6208953199684304,-0.22080608678094116,10.338826496311505,0.5374630207410096,0.8018721588266281,30909.73606636579,False,False,False,True
67,67,-1,1,0,11,51,5,9,12,-0.5970149253731343,-0.04477611940298507,-0.6257580128492344,-0.2199189589052728,10.808544538633896,0.5348558472158129,0.8025838375998107,49441.45585650972,False,False,False,True
68,68,0,-1,0,11,51,6,9,12,-0.5882352941176471,-0.04411764705882353,-0.6257580128492344,-0.21902862623011465,10.808544538633896,0.5348558472158129,0.8032987224104089,49441.45585650972,False,False,False,True
69,69,-1,0,-1,11,52,6,9,13,-0.5942028985507246,-0.057971014492753624,-0.6305272925192944,-0.24835916529913504,11.282615954015075,0.5323110433615968,0.7800797153926524,79428.77237021757,False,False,False,True
70,70,-1,1,0,11,53,6,9,13,-0.6,-0.05714285714285714,-0.6352071334990672,-0.24757369186668798,11.760932021846317,0.5298257322930605,0.7806926879896137,128146.8334595556,False,False,False,True
71,71,-1,1,0,11,54,6,9,13,-0.6056338028169014,-0.056338028169014086,-0.639801257118386,-0.24678563231096806,12.24339576513886,0.5273972300732374,0.781308162806017,207605.67479553138,False,False,False,True
72,72,0,-1,0,11,54,7,9,13,-0.5972222222222222,-0.05555555555555555,-0.639801257118386,-0.24599497221804612,12.24339576513886,0.5273972300732374,0.7819261562698121,207605.67479553138,False,False,False,True
73,73,-1,1,0,11,55,7,9,13,-0.6027397260273972,-0.0547945205479452,-0.6443131526651036,-0.2452016970734685,12.729919739948349,0.5250230289609045,0.7825466849469233,337702.2063953805,False,False,False,True
74,74,-1,0,-1,11,56,7,9,14,-0.6081081081081081,-0.06756756756756757,-0.6487460963717262,-0.27128338578040534,13.220423905102,0.5227007824257908,0.7624004123531016,551514.7734634787,False,False,False,True
75,75,-1,1,0,11,57,7,9,14,-0.6133333333333333,-0.06666666666666667,-0.6531031684993698,-0.27057531597618123,13.714833577498618,0.5204282917136508,0.7629404362285545,904225.0680772217,False,False,False,True
76,76,1,0,1,12,57,7,10,14,-0.5921052631578947,-0.05263157894736842,-0.6488373435056043,-0.24647539474117863,12.676859525709377,0.5226530896534661,0.781550591555011,320250.7384814658,False,False,False,True
77,77,-1,1,0,12,58,7,10,14,-0.5974025974025974,-0.05194805194805195,-0.6531910894788329,-0.24569289444319953,13.157421168840989,0.5203825371599251,0.7821623944625498,517839.7802399343,False,False,False,True
78,78,1,0,1,13,58,7,11,14,-0.5769230769230769,-0.038461538461538464,-0.6489283788736642,-0.21908671940704938,12.181904860274532,0.5226055119027437,0.8032520575910633,195224.3834303789,False,False,False,True
79,79,-1,1,0,13,59,7,11,14,-0.5822784810126582,-0.0379746835443038,-0.6532788141846932,-0.21821659260281567,12.65026833275727,0.5203368887571935,0.8039512929045064,311847.1156512547,False,False,False,True
80,80,-1,1,0,13,60,7,11,14,-0.5875,-0.0375,-0.6575566462801445,-0.21734346570022556,13.122196762486434,0.5181157291751345,0.8046535509422922,499916.6994807998,False,False,False,True
81,81,1,0,1,14,60,7,12,14,-0.5679012345679012,-0.024691358024691357,-0.6533663439914927,-0.18769328720821132,12.18391645144613,0.5202913457630638,0.8288688929418647,195617.49032919286,False,False,False,True
82,82,-1,1,0,14,61,7,12,14,-0.573170731707317,-0.024390243902439025,-0.6576410630094038,-0.18671593550794974,12.645068075258807,0.5180719933859418,0.8296793853672341,310229.6396406638,False,False,False,True
83,83,-1,1,0,14,62,7,12,14,-0.5783132530120482,-0.024096385542168676,-0.6618460536948443,-0.1857349885208457,13.109603334861054,0.5158980793268029,0.8304936561735247,493660.5108195599,False,False,False,True
84,84,-1,0,-1,14,63,7,12,15,-0.5833333333333334,-0.03571428571428571,-0.6659838582831461,-0.21810311530114657,13.577442223443791,0.5137678042574914,0.8040425283043742,788148.8314810875,False,False,False,True
85,85,-1,0,-1,14,64,7,12,16,-0.5882352941176471,-0.047058823529411764,-0.6700568796621429,-0.24641467224015567,14.048516803117485,0.511679472803271,0.7815980507025108,1262389.3631176278,False,False,False,True
86,86,0,-1,0,14,64,8,12,16,-0.5813953488372093,-0.046511627906976744,-0.6700568796621429,-0.2456487133016667,14.048516803117485,0.511679472803271,0.7821969520533925,1262389.3631176278,False,False,False,True
87,87,-1,1,0,14,65,8,12,16,-0.5862068965517241,-0.04597701149425287,-0.6740673914213748,-0.24488038317007632,14.522770519045098,0.5096314857437478,0.7827981684772639,2028425.6718810825,False,False,False,True
88,88,-1,1,0,14,66,8,12,16,-0.5909090909090909,-0.045454545454545456,-0.6780175470116561,-0.244109669569474,15.00015741144207,0.5076223329269917,0.7834017142228178,3269531.993713435,False,False,False,True
89,89,-1,1,0,14,67,8,12,16,-0.5955056179775281,-0.0449438202247191,-0.681909388107663,-0.2433365601449946,15.480641218178794,0.5056505868204614,0.7840076036504718,5286363.9220821755,False,False,False,True
90,90,-1,1,0,14,68,8,12,16,-0.6,-0.044444444444444446,-0.6857448522551626,-0.24256104246225751,15.9641943654649,0.5037148966316689,0.7846158512333964,8573566.503730208,False,False,False,True
91,91,0,-1,0,14,68,9,12,16,-0.5934065934065934,-0.04395604395604396,-0.6857448522551626,-0.24178310400680258,15.9641943654649,0.5037148966316689,0.7852264715585516,8573566.503730208,False,False,False,True
92,92,-1,1,0,14,69,9,12,16,-0.5978260869565217,-0.043478260869565216,-0.6895257798749599,-0.24100273218352042,16.45079684885982,0.50181398293956,0.7858394793277373,13947304.878043568,False,False,False,True
93,93,-1,1,0,14,70,9,12,16,-0.6021505376344086,-0.043010752688172046,-0.6932539206873019,-0.2402199143160808,16.94043501174128,0.49994663278458407,0.7864548893586514,22758175.73436301,False,False,False,True
94,94,1,0,1,15,70,9,13,16,-0.5851063829787234,-0.031914893617021274,-0.6895903727116899,-0.21360548674760516,15.927984344515748,0.5017815703977114,0.8076669574962719,8268670.931864703,False,False,False,True
95,95,1,0,1,16,70,9,14,16,-0.5684210526315789,-0.021052631578947368,-0.6858780103198026,-0.1842280447824045,14.975138762837735,0.503647827396407,0.8317461068378399,3188747.4949176363,False,False,False,True
96,96,-1,0,-1,16,71,9,14,17,-0.5729166666666666,-0.03125,-0.6896548619986138,-0.21593050034907657,15.44226294106741,0.5017492119054442,0.8057913021416736,5087326.17497099,False,False,False,True
97,97,-1,1,0,16,72,9,14,17,-0.5773195876288659,-0.030927835051546393,-0.6933791183007725,-0.21507975460105078,15.91206963695677,0.4998840445773256,0.8064771173515893,8138119.055033831,False,False,False,True
98,98,-1,1,0,16,73,9,14,17,-0.5816326530612245,-0.030612244897959183,-0.6970524322043397,-0.21422624356905873,16.384512095006517,0.49805118196699993,0.8071657483035508,13052785.209895592,False,False,False,True
99,99,-1,1,0,16,74,9,14,17,-0.5858585858585859,-0.030303030303030304,-0.7006763782374601,-0.21336995274333237,16.85955352657416,0.4962495378640663,0.8078572129338228,20989933.56208161,False,False,False,True
100,100,1,0,1,17,74,9,15,17,-0.57,-0.02,-0.697113041866444,-0.1842890002158315,15.912231845832588,0.49802099616793505,0.8316954089385683,8139439.237246759,False,False,False,True
101,101,-1,1,0,17,75,9,15,17,-0.5742574257425742,-0.019801980198019802,-0.7007352276970966,-0.18333615763118605,16.379157357305324,0.49622033470622157,0.8324882614134733,12983077.76792168,False,False,False,True
102,102,1,0,1,18,75,9,16,17,-0.5588235294117647,-0.00980392156862745,-0.6971735610201106,-0.1510209077294551,15.4653700411632,0.4979908572707382,0.859829721384082,5206248.210434698,False,False,False,True
103,103,-1,1,0,18,76,9,16,17,-0.5631067961165048,-0.009708737864077669,-0.7007939919820325,-0.14995457950054147,15.925094678365936,0.49619117552984937,0.8607470710990781,8244811.722546091,False,False,False,True
104,104,-1,0,-1,18,77,9,16,18,-0.5673076923076923,-0.019230769230769232,-0.7043667127746445,-0.18519057785427862,16.387253561232814,0.4944215860068671,0.8309459088728886,13088618.074559532,False,False,False,True
105,105,-1,1,0,18,78,9,16,18,-0.5714285714285714,-0.01904761904761905,-0.7078931461089844,-0.18425171041313515,16.85177516522308,0.49268111188141417,0.8317264232745267,20827299.606920935,False,False,False,True
106,106,-1,0,-1,18,79,9,16,19,-0.5754716981132075,-0.02830188679245283,-0.7113746505725551,-0.2151993465551132,17.318596706962918,0.4909688227918724,0.8063806749442016,33217809.040957652,False,False,False,True
107,107,-1,1,0,18,80,9,16,19,-0.5794392523364486,-0.028037383177570093,-0.714812524448516,-0.21436378982823978,17.787664296753626,0.4892838319546472,0.8070547333093562,53098768.65402862,False,False,False,True
108,108,-1,1,0,18,81,9,16,19,-0.5833333333333334,-0.027777777777777776,-0.7182080092545511,-0.21352561736092435,18.258933025763483,0.48762529350194905,0.8077314679369799,85065578.24534774,False,False,False,True
109,109,-1,0,-1,18,82,9,16,20,-0.5871559633027523,-0.03669724770642202,-0.7215622930257024,-0.241099653458134,18.732366982880933,0.48599240001861144,0.7857633184546233,136572611.4108459,False,False,False,True
110,110,-1,1,0,18,83,9,16,20,-0.5909090909090909,-0.03636363636363636,-0.7248765133630539,-0.24034674664213806,19.207939196374614,0.48438438026044556,0.7863551477810568,219736398.30141488,False,False,False,True
111,111,1,0,1,19,83,9,17,20,-0.5765765765765766,-0.02702702702702703,-0.7216119586902319,-0.21474252005338457,18.26028863048852,0.4859682634824918,0.8067491351617861,85180971.74146833,False,False,False,True
112,112,-1,0,-1,19,84,9,17,21,-0.5803571428571429,-0.03571428571428571,-0.724924888177958,-0.2419187317054754,18.72915468573116,0.4843609488224584,0.7851199803210211,136134603.48292792,False,False,False,True
113,113,-1,1,0,19,85,9,17,21,-0.584070796460177,-0.035398230088495575,-0.7281988959728336,-0.2411746917923523,19.200039387772595,0.4827777404330017,0.7857043582962803,218007361.33447698,False,False,False,True
114,114,-1,1,0,19,86,9,17,21,-0.5877192982456141,-0.03508771929824561,-0.7314350243498966,-0.24042852695965156,19.67290585413132,0.4812179349140819,0.7862908420369008,349811800.206204,False,False,False,True
115,115,-1,0,-1,19,87,9,17,22,-0.591304347826087,-0.043478260869565216,-0.7346342732623663,-0.2649303388997164,20.14772567799493,0.4796808590143696,0.7672593962480166,562401000.8109254,False,False,False,True
116,116,-1,1,0,19,88,9,17,22,-0.5948275862068966,-0.04310344827586207,-0.7377976026186026,-0.26425316752975325,20.624478898930587,0.47816586794262284,0.7677791383018492,905935707.921813,False,False,False,True
117,117,-1,0,-1,19,89,9,17,23,-0.5982905982905983,-0.05128205128205128,-0.7409259344077457,-0.2864589322800284,21.103153903657407,0.4766723437950151,0.7509179163845775,1462120920.2708545,False,False,False,True
118,118,-1,0,-1,19,90,9,17,24,-0.6016949152542372,-0.059322033898305086,-0.7440201546859249,-0.3066821575675709,21.58374725252219,0.4751996940890421,0.7358844590467147,2364298629.9599557,False,False,False,True
119,119,-1,1,0,19,91,9,17,24,-0.6050420168067226,-0.058823529411764705,-0.7470811154338741,-0.30611403927078307,22.06626342691968,0.47374735039549265,0.7363026472511585,3830508607.137538,False,False,False,True
120,120,-1,0,-1,19,92,9,17,25,-0.6083333333333333,-0.06666666666666667,-0.7501096362957966,-0.324702862091097,22.550714492642083,0.4723147670607609,0.7227420758085266,6218002139.359912,False,False,False,True
121,121,-1,1,0,19,93,9,17,25,-0.6115702479338843,-0.06611570247933884,-0.7531065062084834,-0.324177141590849,23.037119674139518,0.4709014200124608,0.7231221360281418,10113324756.631903,False,False,False,True
122,122,-1,1,0,19,94,9,17,25,-0.6147540983606558,-0.06557377049180328,-0.7560724849288807,-0.32365027445194405,23.525504835032308,0.4695068056419439,0.7235032257020273,16481507553.952978,False,False,False,True
123,123,-1,0,-1,19,95,9,17,26,-0.6178861788617886,-0.07317073170731707,-0.7590083044676104,-0.34087486697038205,24.01590186104041,0.46813043975788,0.7111478907290406,26913715433.717255,False,False,False,True
124,124,1,0,1,20,95,9,18,26,-0.6048387096774194,-0.06451612903225806,-0.7561103609901281,-0.32418791435295624,23.004437752620195,0.4694890229101894,0.7231143460473558,9788144570.741451,False,False,False,True
125,125,-1,1,0,20,96,9,18,26,-0.608,-0.064,-0.7590453343493158,-0.3236639348840211,23.487422648325108,0.46811310526402217,0.7234933424028603,15865656607.927435,False,False,False,True
126,126,-1,1,0,20,97,9,18,26,-0.6111111111111112,-0.06349206349206349,-0.7619508834484798,-0.32313882429882357,23.972179424911182,0.46675495369623143,0.7238733561811727,25762336196.058598,False,False,False,True
127,127,0,-1,0,20,97,10,18,26,-0.6062992125984252,-0.06299212598425197,-0.7619508834484798,-0.3226125782709892,23.972179424911182,0.46675495369623143,0.724254391909994,25762336196.058598,False,False,False,True
128,128,1,0,1,21,97,10,19,26,-0.59375,-0.0546875,-0.7590823317582021,-0.3046629524110065,22.986812651007188,0.4680957866124363,0.7373718619214662,9617138950.597567,False,False,False,True
129,129,-1,1,0,21,98,10,19,26,-0.5968992248062015,-0.05426356589147287,-0.7619870654642935,-0.30409696296615785,23.465372371274945,0.4667380658666354,0.7377893247408726,15519643347.878147,False,False,False,True
130,130,-1,1,0,21,99,10,19,26,-0.6,-0.05384615384615385,-0.7648630818970448,-0.3035296826665004,23.945518511172253,0.465397647975289,0.7382079768254085,25084563933.415493,False,False,False,True
131,131,0,-1,0,21,99,11,19,26,-0.5954198473282443,-0.05343511450381679,-0.7648630818970448,-0.302961106403175,23.945518511172253,0.465397647975289,0.7386278237046031,25084563933.415493,False,False,False,True
132,132,1,0,1,22,99,11,20,26,-0.5833333333333334,-0.045454545454545456,-0.762023216569288,-0.2835787973048354,22.98086306578233,0.4667211930747982,0.7530837788299617,9560090837.377699,False,False,False,True
133,133,-1,1,0,22,100,11,20,26,-0.5864661654135338,-0.045112781954887216,-0.7648984468641093,-0.282964908477636,23.4557566682765,0.46538118949382495,0.7535462304801578,15371126259.254343,False,False,False,True
134,134,1,0,1,23,100,11,21,26,-0.5746268656716418,-0.03731343283582089,-0.7620593368495272,-0.2620510019218081,22.51365114661746,0.46670433527896676,0.7694717781673217,5991760705.007466,False,False,False,True
135,135,-1,1,0,23,101,11,21,26,-0.5777777777777777,-0.037037037037037035,-0.7649337823868301,-0.26138566892714765,22.984001988071412,0.4653647452967637,0.769983903477838,9590146365.899317,False,False,False,True
136,136,-1,0,-1,23,102,11,21,27,-0.5808823529411765,-0.04411764705882353,-0.7677802175849098,-0.28319597680022435,23.455779816199698,0.46404199815591146,0.7533721299320235,15371482073.022615,False,False,False,True
137,137,-1,1,0,23,103,11,21,27,-0.583941605839416,-0.043795620437956206,-0.7705992713538432,-0.2825849881107132,23.928948578301643,0.46273568096638035,0.7538325724306604,24672339093.664494,False,False,False,True
138,138,1,0,1,24,103,11,22,27,-0.572463768115942,-0.036231884057971016,-0.7678147667237503,-0.2617694671548292,22.994343878336327,0.46402596618143643,0.7696884417228156,9689841235.37201,False,False,False,True
139,139,-1,1,0,24,104,11,22,27,-0.5755395683453237,-0.03597122302158273,-0.7706330886498649,-0.2611078700650169,23.46337731153959,0.4627200327614688,0.7701978338435134,15488711597.931833,False,False,False,True
140,140,-1,1,0,24,105,11,22,27,-0.5785714285714286,-0.03571428571428571,-0.7734246606144048,-0.26044461604901503,23.93377839006108,0.46143011777351806,0.7707088400946672,24791790077.83238,False,False,False,True
141,141,-1,0,-1,24,106,11,22,28,-0.5815602836879432,-0.0425531914893617,-0.776190068448416,-0.2821854019823742,24.405503569283685,0.4601558380745952,0.754133853659585,39735211428.31727,False,False,False,True
142,142,-1,1,0,24,107,11,22,28,-0.5845070422535211,-0.04225352112676056,-0.7789298784409593,-0.281575729230108,24.87851524291661,0.45889682402851517,0.754593768706313,63767866651.34038,False,False,False,True
143,143,-1,1,0,24,108,11,22,28,-0.5874125874125874,-0.04195804195804196,-0.7816446382059845,-0.2809646185132535,25.35278188008936,0.45765271888172226,0.7550550499778496,102464463729.41336,False,False,False,True
144,144,-1,0,-1,24,109,11,22,29,-0.5902777777777778,-0.04861111111111111,-0.784334877501562,-0.3009755004957362,25.82827813883283,0.4564231781745769,0.7400959045073653,164846098437.14706,False,False,False,True
145,145,-1,0,-1,24,110,11,22,30,-0.593103448275862,-0.05517241379310345,-0.7870011090045552,-0.31940850647825725,26.304984957384324,0.45520786918573547,0.7265786765769049,265527687718.80576,False,False,False,True
146,146,-1,0,-1,24,111,11,22,31,-0.5958904109589042,-0.06164383561643835,-0.7896438290436314,-0.33647827220979565,26.782889624095734,0.45400647040741726,0.7142814031640224,428214306826.52106,False,False,False,True
147,147,-1,1,0,24,112,11,22,31,-0.5986394557823129,-0.061224489795918366,-0.7922635182932538,-0.3359910337117964,27.26198582593547,0.45281867104953577,0.7146295133615069,691401010482.8986,False,False,False,True
148,148,1,0,1,25,112,11,23,31,-0.5878378378378378,-0.05405405405405406,-0.7896731217405555,-0.3193643555419414,26.30346676178625,0.453993171528259,0.726610756413955,265124870607.099,False,False,False,True
149,149,-1,0,-1,25,113,11,23,32,-0.5906040268456376,-0.06040268456375839,-0.7922922457524608,-0.33635280423349556,26.778687621196866,0.4528056629064814,0.7143710282286064,426418724231.5575,False,False,False,True
150,150,1,0,1,26,113,11,24,32,-0.58,-0.05333333333333334,-0.7897023946224433,-0.3198237806896005,25.836675672290216,0.45397988203428286,0.7262770098315557,166236227723.53806,False,False,False,True
151,151,-1,0,-1,26,114,11,24,33,-0.5827814569536424,-0.059602649006622516,-0.7923209541882654,-0.3366992487515543,26.30847107639495,0.4527926637507695,0.7141235811678304,266454964197.78998,False,False,False,True
152,152,-1,1,0,26,115,11,24,33,-0.5855263157894737,-0.05921052631578947,-0.7949169825600326,-0.33621672739961017,26.781376912922475,0.4516187255968212,0.7144682441906173,427567031953.4312,False,False,False,True
153,153,-1,1,0,26,116,11,24,33,-0.5882352941176471,-0.058823529411764705,-0.7974909296762611,-0.3357332714741075,27.25535852805354,0.4504577776307308,0.7148137416065119,686834040082.7024,False,False,False,True
154,154,-1,0,-1,26,117,11,24,34,-0.5909090909090909,-0.06493506493506493,-0.8000432317614465,-0.35152313476618113,27.73038659415948,0.4493095392545224,0.703615571791968,1104469885503.3223,False,False,False,True
155,155,-1,0,-1,26,118,11,24,35,-0.5935483870967742,-0.07096774193548387,-0.8025743118828568,-0.36629721093643663,28.20643719805997,0.44817373881867056,0.6932967152198088,1777870113025.1033,False,False,False,True
156,156,-1,1,0,26,119,11,24,35,-0.5961538461538461,-0.07051282051282051,-0.8050845804792743,-0.3658711163587123,28.683491917037216,0.44705011324740684,0.6935921881361514,2864720535579.697,False,False,False,True
157,157,-1,1,0,26,120,11,24,35,-0.5987261146496815,-0.07006369426751592,-0.8075744358633559,-0.3654442790247896,29.161537884236225,0.4459384076833493,0.6938883023683741,4620563966467.894,False,False,False,True
158,158,-1,0,-1,26,121,11,24,36,-0.6012658227848101,-0.0759493670886076,-0.8100442646991821,-0.3793688999470395,29.64056784440117,0.44483837515027397,0.6842931303992303,7459935204638.251,False,False,False,True
159,159,-1,1,0,26,122,11,24,36,-0.6037735849056604,-0.07547169811320754,-0.8124944424564546,-0.37896583550587337,30.120580200135677,0.44374977623293166,0.6845690002203513,12055959285545.41,False,False,False,True
160,160,-1,1,0,26,123,11,24,36,-0.60625,-0.075,-0.8149253338426892,-0.3785621020709353,30.60157904804238,0.44267237877289545,0.68484543941438,19502797798301.008,False,False,False,True
161,161,1,0,1,27,123,11,25,36,-0.5962732919254659,-0.06832298136645963,-0.8125191780235816,-0.36477028652157584,29.635830336482115,0.4437387999663067,0.6943561355225474,7424677285809.466,False,False,False,True
162,162,-1,1,0,27,124,11,25,36,-0.5987654320987654,-0.06790123456790123,-0.8149496360129658,-0.3643430802843266,30.113510099254746,0.44266162100408885,0.6946528321653306,11971023044879.113,False,False,False,True
163,163,-1,1,0,27,125,11,25,36,-0.6012269938650306,-0.06748466257668712,-0.8173611738441795,-0.3639151317083189,30.59208718334468,0.44159541187714674,0.6949501714741045,19318555664356.547,False,False,False,True
164,164,1,0,1,28,125,11,26,36,-0.5914634146341463,-0.06097560975609756,-0.8149739248070116,-0.34930081927053624,29.63701139913863,0.4426508694177163,0.7051809663361651,7433451475302.243,False,False,False,True
165,165,-1,0,-1,28,126,11,26,37,-0.593939393939394,-0.06666666666666667,-0.8173850415802009,-0.3640916684344857,30.112725700804113,0.44158487212020836,0.6948274980744822,11961636674758.572,False,False,False,True
166,166,1,0,1,29,126,11,27,37,-0.5843373493975904,-0.060240963855421686,-0.8149982002491605,-0.34953955088429334,29.16974754440023,0.442640124002569,0.705012637439595,4658653362968.703,False,False,False,True
167,167,-1,1,0,29,127,11,27,37,-0.5868263473053892,-0.059880239520958084,-0.8174088964457709,-0.3490877331417823,29.642858861451273,0.4415743382980882,0.705331246629107,7477045636045.756,False,False,False,True
168,168,1,0,1,30,127,11,28,37,-0.5773809523809523,-0.05357142857142857,-0.815022462363657,-0.33366340307857767,28.710485520226563,0.4426293847474787,0.7162948442939778,2943102815638.2993,False,False,False,True
169,169,1,0,1,31,127,11,29,37,-0.5680473372781065,-0.047337278106508875,-0.8126179817284886,-0.31730446654509414,27.79201266264475,0.44369495909471496,0.7281090365316627,1174675038910.4285,False,False,False,True
170,170,-1,1,0,31,128,11,29,37,-0.5705882352941176,-0.047058823529411764,-0.8150467111746575,-0.3167935930433181,28.258771892591795,0.44261865164131775,0.728481103176233,1873392159594.5278,False,False,False,True
171,171,1,0,1,32,128,11,30,37,-0.5614035087719298,-0.04093567251461988,-0.8126426481417504,-0.29936730392465005,27.35098385733628,0.4436840148664698,0.7412870817701356,755755582542.0447,False,False,False,True
172,172,-1,0,-1,32,129,11,30,38,-0.563953488372093,-0.046511627906976744,-0.8150709467062311,-0.31718186813981086,27.814689037566865,0.44260792467299825,0.7281983070105112,1201616725920.4858,False,False,False,True
173,173,-1,1,0,32,130,11,30,38,-0.5664739884393064,-0.046242774566473986,-0.8174803840487908,-0.3166729267229842,28.279642444403713,0.4415427723353891,0.7285690116140733,1912901747049.8691,False,False,False,True
174,174,1,0,1,33,130,11,31,38,-0.5574712643678161,-0.040229885057471264,-0.8150951689823605,-0.29931227847715736,27.378675718854517,0.44259720383147194,0.7413278725457856,776976326367.5873,False,False,False,True
175,175,1,0,1,34,130,11,32,38,-0.5485714285714286,-0.03428571428571429,-0.8126919397305055,-0.28081650207592057,26.49480011410322,0.44366214551546374,0.7551668943246311,321029903835.4105,False,False,False,True
176,176,-1,0,-1,34,131,11,32,39,-0.5511363636363636,-0.03977272727272727,-0.8151193780269419,-0.2997849478796635,26.951391512548838,0.4425864891057299,0.7409775523425511,506804676343.9531,False,False,False,True
177,177,-1,1,0,34,132,11,32,39,-0.5536723163841808,-0.03954802259887006,-0.8175279785169898,-0.2992447393308817,27.409552182529804,0.44152175784204345,0.7413779428882428,801340816696.861,False,False,False,True
178,178,-1,1,0,34,133,11,32,39,-0.5561797752808989,-0.03932584269662921,-0.8199180821471197,-0.2987034404297173,27.869209611004017,0.4404677351992832,0.7417793585872127,1268948360800.2446,False,False,False,True
179,179,-1,1,0,34,134,11,32,39,-0.5586592178770949,-0.03910614525139665,-0.8222900204361414,-0.29816104746327143,28.33029196771549,0.43942421098984613,0.742181803625778,2012284918465.1765,False,False,False,True
180,180,-1,1,0,34,135,11,32,39,-0.5611111111111111,-0.03888888888888889,-0.8246441158226863,-0.29761755670281165,28.792728508503743,0.43839098112001346,0.7425852822121402,3195384396784.4146,False,False,False,True
181,181,-1,0,-1,34,136,11,32,40,-0.56353591160221,-0.04419889502762431,-0.8269806819967775,-0.3153877962285847,29.25644994221657,0.43736784735785855,0.7295059197638432,5080597263771.844,False,False,False,True
182,182,-1,1,0,34,137,11,32,40,-0.5659340659340659,-0.04395604395604396,-0.8293000242163706,-0.3148796031884329,29.721388758717964,0.43635461711204243,0.7298767438121362,8087888071518.722,False,False,False,True
183,183,1,0,1,35,137,11,33,40,-0.5573770491803278,-0.03825136612021858,-0.8270028977647139,-0.29754468115964894,28.820598179565415,0.4373581310031874,0.7426394004898514,3285691275159.104,False,False,False,True
184,184,-1,1,0,35,138,11,33,40,-0.5597826086956522,-0.03804347826086957,-0.8293218746226039,-0.29700232977618235,29.282405915746445,0.4363450826905626,0.743042281237714,5214195446837.613,False,False,False,True
185,185,1,0,1,36,138,11,34,40,-0.5513513513513514,-0.032432432432432434,-0.827025102510281,-0.27851108378933676,28.393209769042265,0.4373484196849858,0.7569098782737749,2142961290531.1523,False,False,False,True
186,186,1,0,1,37,138,11,35,40,-0.543010752688172,-0.026881720430107527,-0.824711854164287,-0.2587754311580923,27.522363443934147,0.4383612862477317,0.77199636990957,897037445982.8431,False,False,False,True
187,187,1,0,1,38,138,11,36,40,-0.5347593582887701,-0.0213903743315508,-0.8223818536607355,-0.23765826182810557,26.672260407001605,0.43938385910043665,0.7884720960708674,383367695863.69684,False,False,False,True
188,188,-1,0,-1,38,139,11,36,41,-0.5372340425531915,-0.026595744680851064,-0.8247344108288273,-0.2594720856455104,27.118741870532958,0.4383513983907693,0.7714587424662314,599128460619.9518,False,False,False,True
189,189,-1,0,-1,38,140,11,36,42,-0.5396825396825397,-0.031746031746031744,-0.8270694790065143,-0.27962625967744037,27.567124528219832,0.43732901212511,0.7560662611062465,938102005792.7001,False,False,False,True
190,190,1,0,1,39,140,11,37,42,-0.531578947368421,-0.02631578947368421,-0.8247569561336223,-0.2601445539672884,26.726257457163005,0.43834151573628943,0.7709401352933551,404637506330.7078,False,False,False,True
191,191,1,0,1,40,140,11,38,42,-0.5235602094240838,-0.020942408376963352,-0.8224276995794111,-0.23932600043390284,25.9086667161394,0.43936371560551696,0.7871582266165899,178645050520.92953,False,False,False,True
192,192,-1,0,-1,40,141,11,38,43,-0.5260416666666666,-0.026041666666666668,-0.8247794900975296,-0.2607939404499464,26.345430872342245,0.43833163827568433,0.7704396597091844,276487340580.65894,False,False,False,True
193,193,1,0,1,41,141,11,39,43,-0.5181347150259067,-0.02072538860103627,-0.8224506049350007,-0.24011726863290983,25.544847075903764,0.43935365193863424,0.7865356197012925,124161264268.42339,False,False,False,True
194,194,-1,0,-1,41,142,11,39,44,-0.520618556701031,-0.02577319587628866,-0.8248020127393425,-0.26142127541602855,25.976570621497935,0.4383217660003755,0.7699564875426358,191197090710.3574,False,False,False,True
195,195,0,-1,0,41,142,12,39,44,-0.517948717948718,-0.02564102564102564,-0.8248020127393425,-0.2608170375048089,25.976570621497935,0.4383217660003755,0.770421865027599,191197090710.3574,False,False,False,True
196,196,-1,1,0,41,143,12,39,44,-0.5204081632653061,-0.025510204081632654,-0.8271359615328411,-0.2602115315672773,26.41042957203188,0.4372999383540075,0.7708885013025378,295055576964.5616,False,False,False,True
197,197,1,0,1,42,143,12,40,44,-0.5126903553299492,-0.02030456852791878,-0.8248245240777949,-0.23958665220562336,25.619747336893834,0.43831189890181116,0.7869530791673823,133818111357.1697,False,False,False,True
198,198,1,0,1,43,143,12,41,44,-0.5050505050505051,-0.015151515151515152,-0.8224963805374435,-0.21751700130912432,24.85304014440574,0.43933354072083636,0.804513927013589,62163891424.82306,False,False,False,True
199,199,-1,0,-1,43,144,12,41,45,-0.507537688442211,-0.020100502512562814,-0.8248470241315555,-0.2403351225973238,25.274791417465597,0.43830203697146936,0.7863642884616603,94776887853.09561,False,False,False,True
200,200,1,0,1,44,144,12,42,45,-0.5,-0.015,-0.8225192508236003,-0.2184228430381414,24.52432551323299,0.4393234931519376,0.803785494698928,44748578385.14714,False,False,False,True
201,201,-1,1,0,44,145,12,42,45,-0.5024875621890548,-0.014925373134328358,-0.8248695129192343,-0.21773086014799636,24.941313480866377,0.4382921802008546,0.8043418929954549,67900788279.80162,False,False,False,True
202,202,1,0,1,45,145,12,43,45,-0.49504950495049505,-0.009900990099009901,-0.8225421094591416,-0.19419040770703377,24.20628619800676,0.4393134509310991,0.823501088385595,32557910363.848133,False,False,False,True
203,203,-1,1,0,45,146,12,43,45,-0.4975369458128079,-0.009852216748768473,-0.8248919904593781,-0.1934445176726851,24.618743376090293,0.4382823285814999,0.8241155587758788,49179532908.07814,False,False,False,True
204,204,1,0,1,46,146,12,44,45,-0.49019607843137253,-0.004901960784313725,-0.8225649564635562,-0.16809043914869948,23.898185602462895,0.43930341404940304,0.8452773850605716,23924900189.354076,False,False,False,True
205,205,-1,1,0,46,147,12,44,45,-0.4926829268292683,-0.004878048780487805,-0.8249144567704758,-0.16728431849687464,24.30638085854332,0.4382724821049648,0.845959055334518,35985461929.352356,False,False,False,True
206,206,0,-1,0,46,147,13,44,45,-0.49029126213592233,-0.0048543689320388345,-0.8249144567704758,-0.16647624788237536,24.30638085854332,0.4382724821049648,0.8466429262589897,35985461929.352356,False,False,False,True
207,207,-1,0,-1,46,148,13,44,46,-0.4927536231884058,-0.00966183574879227,-0.8272465476812361,-0.19302712571761882,24.716469628150378,0.4372515817119682,0.824459609777222,54228347656.107895,False,False,False,True
208,208,-1,1,0,46,149,13,44,46,-0.4951923076923077,-0.009615384615384616,-0.8295615302605674,-0.19228236415758504,25.128472038140856,0.43624052266109886,0.8250738643105744,81876024036.59943,False,False,False,True
209,209,1,0,1,47,149,13,45,46,-0.4880382775119617,-0.004784688995215311,-0.8272686323602683,-0.1669665869285697,24.40947145761023,0.43724192525776,0.8462278859376142,39893189522.34508,False,False,False,True
210,210,-1,1,0,47,150,13,45,46,-0.49047619047619045,-0.004761904761904762,-0.8295832540453949,-0.16616210905083406,24.817316130886265,0.43623104596878676,0.8469089314576711,59982346500.62507,False,False,False,True
211,211,1,0,1,48,150,13,46,46,-0.4834123222748815,0.0,-0.8272907062298924,-0.13884087018367497,24.11138983934577,0.4372322737430312,0.8703665187032524,29610351185.146824,False,False,False,True
212,212,-1,1,0,48,151,13,46,46,-0.4858490566037736,0.0,-0.8296049673873025,-0.13796965571110542,24.51536327975941,0.43622157403776896,0.8711251250172037,44349322960.61395,False,False,False,True
213,213,-1,1,0,48,152,13,46,46,-0.48826291079812206,0.0,-0.8319024317127464,-0.13709627644647604,24.92108985713627,0.4352205209156712,0.8718862799783881,66541380692.67695,False,False,False,True
214,214,-1,1,0,48,153,13,46,46,-0.49065420560747663,0.0,-0.8341833840282038,-0.13622072460693868,25.328589882359186,0.4342289349707964,0.8726499959023434,100015387126.16516,False,False,False,True
215,215,-1,1,0,48,154,13,46,46,-0.4930232558139535,0.0,-0.8364481017820102,-0.13534299237860825,25.737885409736244,0.4332466417208769,0.873416285176999,150598833972.57434,False,False,False,True
216,216,1,0,1,49,154,13,47,46,-0.4861111111111111,0.004629629629629629,-0.83420439380924,-0.10556683716092996,25.02759650533891,0.43421981201178905,0.8998143298017426,74019655173.78403,False,False,False,True
217,217,-1,1,0,49,155,13,47,46,-0.48847926267281105,0.004608294930875576,-0.8364687779780433,-0.10461366711204478,25.433033596878406,0.43323768392098894,0.9006724147559396,111026372139.12283,False,False,False,True
218,218,-1,1,0,49,156,13,47,46,-0.4908256880733945,0.0045871559633027525,-0.8387172061820185,-0.10365804243098653,25.840195191320063,0.4322646743744048,0.9015335309314317,166822330084.66306,False,False,False,True
219,219,-1,1,0,49,157,13,47,46,-0.4931506849315068,0.0045662100456621,-0.8409499415990402,-0.10269995421550382,26.249104492094432,0.4313006183678901,0.9023976934891574,251096833393.97037,False,False,False,True
220,220,-1,1,0,49,158,13,47,46,-0.4954545454545455,0.004545454545454545,-0.8431672407754105,-0.10173939352849848,26.65978613385196,0.4303453553053883,0.9032649176816198,378615166311.9063,False,False,False,True
221,221,-1,1,0,49,159,13,47,46,-0.497737556561086,0.004524886877828055,-0.845369353848537,-0.10077635139791363,27.07226567027216,0.4293987288443035,0.9041352188535104,571920407131.2064,False,False,False,True
222,222,1,0,1,50,159,13,48,46,-0.49099099099099097,0.009009009009009009,-0.8431869562152667,-0.06814851512371156,26.352125160372825,0.43033687094105516,0.9341217320702625,278344435504.23706,False,False,False,True
223,223,-1,1,0,50,160,13,48,46,-0.49327354260089684,0.008968609865470852,-0.8453887674413281,-0.06709984453148587,26.760655504760113,0.4293903927531537,0.9351018318713441,418798403879.73505,False,False,False,True
224,224,1,0,1,51,160,13,49,46,-0.48660714285714285,0.013392857142857142,-0.8432066631475794,-0.03161755877026762,26.05299372686197,0.43032839040503085,0.9688770497639949,206381807943.7718,False,False,False,True
225,225,-1,1,0,51,161,13,49,46,-0.4888888888888889,0.013333333333333334,-0.8454081727976321,-0.030473056183083713,26.457868581747743,0.4293820603604356,0.969986566855592,309390039541.66705,False,False,False,True
226,226,-1,1,0,51,162,13,49,46,-0.4911504424778761,0.01327433628318584,-0.8475947547216651,-0.02932541807738165,26.864372917053565,0.4284442070289857,0.9711003994178307,464567599819.34576,False,False,False,True
227,227,1,0,1,52,162,13,50,46,-0.4845814977973568,0.01762114537444934,-0.8454275699289844,0.009446183846678391,26.16310063099194,0.4293737316609872,1.0094909398548015,230404116184.33032,False,False,False,True
228,228,-1,1,0,52,163,13,50,46,-0.4868421052631579,0.017543859649122806,-0.8476138577489793,0.010701398310896781,26.56614320625408,0.4284360225257709,1.0107588630753133,344769945272.5977,False,False,False,True
229,229,-1,1,0,52,164,13,50,46,-0.4890829694323144,0.017467248908296942,-0.849785462300436,0.011960140936152275,26.970745716666872,0.4275066384018803,1.012031949416049,516709013614.21594,False,False,False,True
230,230,1,0,1,53,164,13,51,46,-0.4826086956521739,0.021739130434782608,-0.8476329528220141,0.05441194269075966,26.275433040845435,0.4284278415867381,1.0559194908906153,257795646669.71353,False,False,False,True
231,231,0,-1,0,53,164,14,51,46,-0.4805194805194805,0.021645021645021644,-0.8476329528220141,0.055791308941750994,26.275433040845435,0.4284278415867381,1.0573769955854133,257795646669.71353,False,False,False,True
232,232,-1,1,0,53,165,14,51,46,-0.4827586206896552,0.021551724137931036,-0.8498042704887134,0.05717463972483605,26.67676181024701,0.42749859785214966,1.058840709899853,385097278307.56464,False,False,False,True
233,233,-1,1,0,53,166,14,51,46,-0.48497854077253216,0.02145922746781116,-0.8519611431146505,0.05856194924848479,27.07958373878545,0.42657753149729394,1.0603106691091688,576121111629.3297,False,False,False,True
234,234,-1,0,-1,53,167,14,51,47,-0.48717948717948717,0.017094017094017096,-0.8541037963962435,0.012500464182541915,27.483919971865337,0.4256645022514393,1.012578921561983,863206664771.35,False,False,False,True
235,235,-1,1,0,53,168,14,51,47,-0.48936170212765956,0.01702127659574468,-0.8562324506376,0.013755891289362498,27.88979444021784,0.42475937339828723,1.0138509388833512,1295340149398.057,False,False,False,True
236,236,1,0,1,54,168,14,52,47,-0.4830508474576271,0.0211864406779661,-0.854122043591687,0.05609715421966621,27.19070185542465,0.4256567351389376,1.057700438805759,643830838509.7612,False,False,False,True
237,237,-1,1,0,54,169,14,52,47,-0.48523206751054854,0.02109704641350211,-0.8562504307554173,0.05747187568297818,27.59330829223474,0.4247517362433682,1.0591554822112872,962989448938.8689,False,False,False,True
238,238,-1,1,0,54,170,14,52,47,-0.48739495798319327,0.02100840336134454,-0.8583650400795642,0.05885051343590719,27.997384442237074,0.42385450124654317,1.0606166809457207,1442479238114.793,False,False,False,True
239,239,0,-1,0,54,170,15,52,47,-0.48535564853556484,0.02092050209205021,-0.8583650400795642,0.0602330813663996,27.997384442237074,0.42385450124654317,1.0620840697039189,1442479238114.793,False,False,False,True
240,240,1,0,1,55,170,15,53,47,-0.4791666666666667,0.025,-0.8562684038761339,0.10676984834678471,27.303922023847143,0.42474410219774217,1.1126781402944192,721012292877.7734,False,False,False,True
241,241,-1,1,0,55,171,15,53,47,-0.48132780082987553,0.024896265560165973,-0.8583827524514849,0.10828624735082304,27.704913710518465,0.42384699384446395,1.114366684247799,1076691156830.4524,False,False,False,True
242,242,-1,1,0,55,172,15,53,47,-0.4834710743801653,0.024793388429752067,-0.860483538947757,0.10980704816057951,28.107309923967332,0.42295751643150675,1.1160627033302815,1610087955160.7146,False,False,False,True
243,243,-1,1,0,55,173,15,53,47,-0.48559670781893005,0.024691358024691357,-0.8625709681342775,0.111332266103783,28.511132285781613,0.4220755434154133,1.1177662409940032,2411167740681.716,False,False,False,True
244,244,-1,1,0,55,174,15,53,47,-0.48770491803278687,0.02459016393442623,-0.8646452400495237,0.1128619165533431,28.916405371574797,0.4212009513540548,1.1194773409858385,3616057180680.709,False,False,False,True
245,245,-1,1,0,55,175,15,53,47,-0.4897959183673469,0.024489795918367346,-0.866706550146954,0.11439601492734885,29.323156414603517,0.4203336198067272,1.121196047349625,5431065278960.81,False,False,False,True
246,246,1,0,1,56,175,15,54,47,-0.483739837398374,0.028455284552845527,-0.8646621987941829,0.16591066538287258,28.621581781424254,0.4211938083752387,1.1804676403879868,2692743777726.9497,False,False,False,True
247,247,-1,1,0,56,176,15,54,47,-0.48582995951417,0.02834008097165992,-0.8667232709500561,0.1675954959902981,29.025156726096697,0.4203265915497924,1.1824582048106436,4031488288611.139,False,False,False,True
248,248,1,0,1,57,176,15,55,47,-0.4798387096774194,0.03225806451612903,-0.8646791513571448,0.22403763793836395,28.3334535744451,0.42118666812120603,1.2511181080484342,2018657039768.244,False,False,False,True
249,249,-1,0,-1,57,177,15,55,48,-0.4819277108433735,0.028112449799196786,-0.8667399857525981,0.1622382239412965,28.734125200700596,0.4203195659325275,1.1761403927501648,3013505698024.8657,False,False,False,True
250,250,-1,1,0,57,178,15,55,48,-0.484,0.028,-0.8687880597947513,0.1639002486653358,29.136117103024667,0.4194596012763779,1.1780967925038863,4504585991666.151,False,False,False,True
251,251,-1,1,0,57,179,15,55,48,-0.4860557768924303,0.027888446215139442,-0.8708235598732985,0.16556712044980548,29.539451055173622,0.4186066596009527,1.1800621663647428,6742494357968.209,False,False,False,True
252,252,-1,1,0,57,180,15,55,48,-0.4880952380952381,0.027777777777777776,-0.8728466682092986,0.16723885557405094,29.94415191621239,0.41776062907268063,1.1820365676151865,10106015092454.428,False,False,False,True
253,253,-1,1,0,57,181,15,55,48,-0.4901185770750988,0.02766798418972332,-0.8748575629796345,0.16891547035938181,30.35024737535886,0.4169214004914076,1.1840200499044815,15168581156636.0,False,False,False,True
254,254,0,-1,0,57,181,16,55,48,-0.4881889763779528,0.027559055118110236,-0.8748575629796345,0.17059698116901068,30.35024737535886,0.4169214004914076,1.1860126672515103,15168581156636.0,False,False,False,True
255,255,-1,1,0,57,182,16,55,48,-0.49019607843137253,0.027450980392156862,-0.8768564184368488,0.17228340440798506,30.757767653765058,0.416088867208847,1.1880144740475997,22799680845009.195,False,False,False,True
256,256,-1,1,0,57,183,16,55,48,-0.4921875,0.02734375,-0.878843405024567,0.17397475652312844,31.16674516280218,0.4152629250501429,1.1900255250593792,34319854904059.523,False,False,False,True
257,257,1,0,1,58,183,16,56,48,-0.48638132295719844,0.0311284046692607,-0.8768720146185474,0.23062818172846056,30.45843442914795,0.41608237786187596,1.259390887840675,16901684866789.191,False,False,False,True
258,258,-1,1,0,58,184,16,56,48,-0.4883720930232558,0.031007751937984496,-0.8788587927324754,0.2324857152079547,30.86421438291839,0.4152565351547101,1.2617324226449798,25360510690133.902,False,False,False,True
259,259,1,0,1,59,184,16,57,48,-0.4826254826254826,0.03474903474903475,-0.8768876056227479,0.2945426403550684,30.165951554684924,0.4160758907703452,1.3425122073464946,12615553263940.28,False,False,False,True
260,260,0,-1,0,59,184,17,57,48,-0.4807692307692308,0.03461538461538462,-0.8768876056227479,0.2965832011506353,30.165951554684924,0.4160758907703452,1.3452544820619696,12615553263940.28,False,False,False,True
261,261,-1,1,0,59,185,17,57,48,-0.4827586206896552,0.034482758620689655,-0.878874175407752,0.2986297965250766,30.568822907639273,0.41525014744740346,1.3480104929199663,18874311010440.453,False,False,False,True
262,262,-1,1,0,59,186,17,57,48,-0.4847328244274809,0.03435114503816794,-0.8808490518113024,0.30068244511012265,30.972981012784423,0.4144308889630317,1.3507803265258749,28274487516132.543,False,False,False,True
263,263,-1,1,0,59,187,17,57,48,-0.4866920152091255,0.034220532319391636,-0.8828123977418736,0.30274116556831165,31.37845367264819,0.41361801600021186,1.3535640701103449,42412051558437.5,False,False,False,True
264,264,1,0,1,60,187,17,58,48,-0.4810606060606061,0.03787878787878788,-0.8808642256385881,0.3713013558528311,30.681237628345002,0.4144246005080108,1.449619858998278,21119916651740.13,False,False,False,True
265,265,-1,1,0,60,188,17,58,48,-0.4830188679245283,0.03773584905660377,-0.8828273719886677,0.37356240655691986,31.083887384454385,0.41361182242833394,1.4529012312777183,31590810411152.117,False,False,False,True
266,266,1,0,1,61,188,17,59,48,-0.4774436090225564,0.041353383458646614,-0.8808793945835123,0.4486206226413567,30.395427476136796,0.4144183141717491,1.5661503824840481,15869616358018.945,False,False,False,True
267,267,-1,1,0,61,189,17,59,48,-0.4794007490636704,0.04119850187265917,-0.8828423414875877,0.45110200472408346,30.795512099974196,0.4136056309129469,1.5700414255677828,23676689152503.316,False,False,False,True
268,268,-1,0,-1,61,190,17,59,49,-0.48134328358208955,0.03731343283582089,-0.884793925587092,0.3671043602467692,31.196761056553356,0.41279923187390594,1.4435485603385438,35365612178288.3,False,False,False,True
269,269,-1,0,-1,61,191,17,59,50,-0.483271375464684,0.03345724907063197,-0.8867343027035752,0.2921241401960364,31.599195663189057,0.41199902229592267,1.33926926446916,52887898308597.4,False,False,False,True
270,270,1,0,1,62,191,17,60,50,-0.4777777777777778,0.037037037037037035,-0.8848086951437053,0.358719490230484,30.911489554973436,0.4127931350573046,1.431495196859535,26588224745739.168,False,False,False,True
271,271,-1,1,0,62,192,17,60,50,-0.4797047970479705,0.03690036900369004,-0.8867488810587938,0.36091032045363614,31.311438623716867,0.4119930160716065,1.4346347977115583,39662950206793.664,False,False,False,True
272,272,-1,1,0,62,193,17,60,50,-0.48161764705882354,0.03676470588235294,-0.8886780164245307,0.3631074986516656,31.712515553989583,0.4111989919101626,1.437790411464593,59233925170199.8,False,False,False,True
273,273,-1,1,0,62,194,17,60,50,-0.4835164835164835,0.03663003663003663,-0.8905962504966913,0.36531104309319984,32.114741424087434,0.4104109720383608,1.4409621397726198,88563544220732.11,False,False,False,True
274,274,1,0,1,63,194,17,61,50,-0.4781021897810219,0.040145985401459854,-0.8886924031034527,0.43852258979676995,31.42776662316863,0.411193076164847,1.5504149267686398,44555941286687.734,False,False,False,True
275,275,1,0,1,64,194,17,62,50,-0.4727272727272727,0.04363636363636364,-0.8867780243235384,0.5182611844632867,30.75137198572113,0.41198100942502347,1.67910545520327,22654326967860.04,False,False,False,True
276,276,1,0,1,65,194,17,63,50,-0.4673913043478261,0.04710144927536232,-0.8848529761820925,0.6049921265198885,30.084339071684326,0.4127748565533437,1.8312377906146886,11626860198598.31,False,False,False,True
277,277,-1,1,0,65,195,17,63,50,-0.4693140794223827,0.04693140794223827,-0.8867925892422384,0.607864049909812,30.47799382340768,0.41197500899881323,1.8365045244661584,17235525804960.523,False,False,False,True
278,278,-1,0,-1,65,196,17,63,51,-0.4712230215827338,0.04316546762589928,-0.8887211633908856,0.5099727894693626,30.872624167618163,0.4111812503038445,1.6652458821053022,25574686448635.066,False,False,False,True
279,279,-1,1,0,65,197,17,63,51,-0.4731182795698925,0.043010752688172046,-0.8906388475654206,0.5125651139838214,31.26822951619046,0.41039349010631987,1.6695683400142565,37985647851350.625,False,False,False,True
280,280,-1,0,-1,65,198,17,63,52,-0.475,0.039285714285714285,-0.8925457876229008,0.4246468602848883,31.664812748766707,0.40961164002825134,1.529050355902935,56474636894256.375,False,False,False,True
281,281,-1,1,0,65,199,17,63,52,-0.47686832740213525,0.03914590747330961,-0.8944421264251745,0.4269870068592456,32.06238023343201,0.4088356136184548,1.5326327478816295,84045567122285.9,False,False,False,True
282,282,0,-1,0,65,199,18,63,52,-0.475177304964539,0.03900709219858156,-0.8944421264251745,0.42933377374865733,32.06238023343201,0.4088356136184548,1.536233703316846,84045567122285.9,False,False,False,True
283,283,-1,1,0,65,200,18,63,52,-0.47703180212014135,0.038869257950530034,-0.896328003921067,0.43168717859517036,32.46094182921173,0.4080653262972706,1.5398533407251005,125201033482336.5,False,False,False,True
284,284,1,0,1,66,200,18,64,52,-0.47183098591549294,0.04225352112676056,-0.8944559617323042,0.5096888206609713,31.785277098539375,0.4088299572913034,1.6647730713514126,63704549618548.57,False,False,False,True
285,285,-1,1,0,66,201,18,64,52,-0.47368421052631576,0.042105263157894736,-0.8963416668572957,0.5122612834860365,32.18183844802621,0.4080597509648281,1.6690611512880271,94709786037059.55,False,False,False,True
286,286,-1,1,0,66,202,18,64,52,-0.4755244755244755,0.04195804195804196,-0.8982170511676646,0.5148409381835601,32.57935233452632,0.4072951992484039,1.6733723109883278,140939570232157.5,False,False,False,True
287,287,1,0,1,67,202,18,65,52,-0.47038327526132406,0.04529616724738676,-0.8963553258896373,0.6000370951875689,31.906884106579177,0.40805417730155785,1.8221863934828637,71942197972020.38,False,False,False,True
288,288,-1,1,0,67,203,18,65,52,-0.4722222222222222,0.04513888888888889,-0.8982305413070257,0.6028523916151696,32.30250914108245,0.4072897048164653,1.8273236163363424,106856629541745.23,False,False,False,True
289,289,-1,1,0,67,204,18,65,52,-0.4740484429065744,0.04498269896193772,-0.9000955734630351,0.6056754216267879,32.69905007846752,0.40653080432705546,1.832489494029293,158860897773454.1,False,False,False,True
290,290,-1,1,0,67,205,18,65,52,-0.47586206896551725,0.04482758620689655,-0.9019505538608179,0.6085062023940639,33.09651278679489,0.40577739664820844,1.8376842191402787,236392053626609.78,False,False,False,True
291,291,1,0,1,68,205,18,66,52,-0.47079037800687284,0.048109965635738834,-0.9001088942925026,0.7016278863640006,32.42428452159684,0.4065253890356059,2.017033537728336,120694602122775.94,False,False,False,True
292,292,-1,1,0,68,206,18,66,52,-0.4726027397260274,0.04794520547945205,-0.9019637123742492,0.7047106186307519,32.81992019807126,0.40577205725601384,2.0232611061293997,179271081516936.28,False,False,False,True
293,293,1,0,1,69,206,18,67,52,-0.46757679180887374,0.051194539249146756,-0.9001222114243586,0.8057212412800658,32.15313225879904,0.406519975319445,2.2383102785582407,92029680842328.84,False,False,False,True
294,294,-1,1,0,69,207,18,67,52,-0.46938775510204084,0.05102040816326531,-0.9019768672846862,0.8090699785116278,32.5470667868383,0.40576671939605247,2.2458183557964064,136461929492877.9,False,False,False,True
295,295,-1,1,0,69,208,18,67,52,-0.4711864406779661,0.05084745762711865,-0.903821606504891,0.8124274347906062,32.94185808506633,0.4050188756149854,2.2533712649225848,202519660179030.47,False,False,False,True
