scenario,method,replicates,max_runs_per_arm,true_net_benefit,true_success_difference,true_safety_difference,admissible,deployments,deployment_rate,rate_ci_lower,rate_ci_upper,mean_runs_per_arm_used,mean_runs_mcse,median_runs_among_deployments
null,win_only_allpairs_fixed_wald,2000,10000,-3.0913552967470894e-17,0.0,0.0,False,114,0.057,0.047662768878229574,0.06803573501296051,10000.0,0.0,10000.0
null,guarded_allpairs_fixed_wald,2000,10000,-3.0913552967470894e-17,0.0,0.0,False,114,0.057,0.047662768878229574,0.06803573501296051,10000.0,0.0,10000.0
null,win_only_allpairs_gs_obf,2000,10000,-3.0913552967470894e-17,0.0,0.0,False,115,0.0575,0.04812031303342549,0.06857627381048334,9893.5,13.288298423801296,9000.0
null,guarded_allpairs_gs_obf,2000,10000,-3.0913552967470894e-17,0.0,0.0,False,115,0.0575,0.04812031303342549,0.06857627381048334,9893.5,13.288298423801296,9000.0
null,guarded_allpairs_gs_obf_simultaneous,2000,10000,-3.0913552967470894e-17,0.0,0.0,False,115,0.0575,0.04812031303342549,0.06857627381048334,9893.5,13.288298423801296,9000.0
null,win_only_allpairs_gs_pocock,2000,10000,-3.0913552967470894e-17,0.0,0.0,False,114,0.057,0.047662768878229574,0.06803573501296051,9699.5,31.322513867823574,4000.0
null,guarded_allpairs_gs_pocock,2000,10000,-3.0913552967470894e-17,0.0,0.0,False,114,0.057,0.047662768878229574,0.06803573501296051,9701.0,31.12554417194983,4000.0
null,guarded_allpairs_gs_pocock_simultaneous,2000,10000,-3.0913552967470894e-17,0.0,0.0,False,112,0.056,0.04674833393876454,0.06695400404698805,9709.5,30.586841533574532,4000.0
null,win_only_allpairs_gs_hsd,2000,10000,-3.0913552967470894e-17,0.0,0.0,False,114,0.057,0.047662768878229574,0.06803573501296051,9881.5,16.331836240913024,9000.0
null,guarded_allpairs_gs_hsd,2000,10000,-3.0913552967470894e-17,0.0,0.0,False,114,0.057,0.047662768878229574,0.06803573501296051,9882.0,16.203024409041664,9000.0
null,guarded_allpairs_gs_hsd_simultaneous,2000,10000,-3.0913552967470894e-17,0.0,0.0,False,113,0.0565,0.04720544161779262,0.06749497932067872,9886.0,15.716297273849207,9000.0
null,win_only_allpairs_asympcs,2000,10000,-3.0913552967470894e-17,0.0,0.0,False,55,0.0275,0.021188498165677007,0.03562311151510701,9774.65,30.75040550545645,800.0
null,guarded_allpairs_asympcs,2000,10000,-3.0913552967470894e-17,0.0,0.0,False,55,0.0275,0.021188498165677007,0.03562311151510701,9781.375,29.805510055818537,1200.0
null,guarded_allpairs_asympcs_simultaneous,2000,10000,-3.0913552967470894e-17,0.0,0.0,False,47,0.0235,0.017718224361690932,0.031108721697343113,9815.625,27.30812250389067,1250.0
null,win_only_disjoint_gs_obf,2000,10000,-3.0913552967470894e-17,0.0,0.0,False,106,0.053,0.04401045720579706,0.06370338306364304,9884.5,13.877315122169705,8000.0
null,guarded_disjoint_gs_obf,2000,10000,-3.0913552967470894e-17,0.0,0.0,False,106,0.053,0.04401045720579706,0.06370338306364304,9884.5,13.877315122169705,8000.0
null,win_only_disjoint_betting,2000,10000,-3.0913552967470894e-17,0.0,0.0,False,16,0.008,0.0049302968532159265,0.012956077671536958,9945.425,15.06146273399447,1900.0
null,guarded_disjoint_betting,2000,10000,-3.0913552967470894e-17,0.0,0.0,False,16,0.008,0.0049302968532159265,0.012956077671536958,9947.75,14.349476253508348,2450.0
null,guarded_disjoint_betting_simultaneous,2000,10000,-3.0913552967470894e-17,0.0,0.0,False,12,0.006,0.003435594376936234,0.010458448336941664,9965.325,11.361698692866783,2900.0
null,win_only_disjoint_betting_simultaneous,2000,10000,-3.0913552967470894e-17,0.0,0.0,False,16,0.008,0.0049302968532159265,0.012956077671536958,9945.425,15.06146273399447,1900.0
efficiency_gain,win_only_allpairs_fixed_wald,2000,10000,0.36248777333180304,0.0,0.0,True,2000,1.0,0.9980829527187469,0.9999999999999998,10000.0,0.0,10000.0
efficiency_gain,guarded_allpairs_fixed_wald,2000,10000,0.36248777333180304,0.0,0.0,True,1999,0.9995,0.9971731374967338,0.9999117322692944,10000.0,0.0,10000.0
efficiency_gain,win_only_allpairs_gs_obf,2000,10000,0.36248777333180304,0.0,0.0,True,2000,1.0,0.9980829527187469,0.9999999999999998,1000.0,0.0,1000.0
efficiency_gain,guarded_allpairs_gs_obf,2000,10000,0.36248777333180304,0.0,0.0,True,1999,0.9995,0.9971731374967338,0.9999117322692944,4467.5,28.878571207731174,4000.0
efficiency_gain,guarded_allpairs_gs_obf_simultaneous,2000,10000,0.36248777333180304,0.0,0.0,True,1999,0.9995,0.9971731374967338,0.9999117322692944,4469.0,28.879395769302377,4000.0
efficiency_gain,win_only_allpairs_gs_pocock,2000,10000,0.36248777333180304,0.0,0.0,True,2000,1.0,0.9980829527187469,0.9999999999999998,1000.0,0.0,1000.0
efficiency_gain,guarded_allpairs_gs_pocock,2000,10000,0.36248777333180304,0.0,0.0,True,1995,0.9975,0.9941608466835673,0.9989316912715861,3101.5,38.07359813571604,3000.0
efficiency_gain,guarded_allpairs_gs_pocock_simultaneous,2000,10000,0.36248777333180304,0.0,0.0,True,1995,0.9975,0.9941608466835673,0.9989316912715861,3113.5,38.12884570767911,3000.0
efficiency_gain,win_only_allpairs_gs_hsd,2000,10000,0.36248777333180304,0.0,0.0,True,2000,1.0,0.9980829527187469,0.9999999999999998,1000.0,0.0,1000.0
efficiency_gain,guarded_allpairs_gs_hsd,2000,10000,0.36248777333180304,0.0,0.0,True,1999,0.9995,0.9971731374967338,0.9999117322692944,3923.5,36.64456132907038,4000.0
efficiency_gain,guarded_allpairs_gs_hsd_simultaneous,2000,10000,0.36248777333180304,0.0,0.0,True,1999,0.9995,0.9971731374967338,0.9999117322692944,3932.0,36.588085492411324,4000.0
efficiency_gain,win_only_allpairs_asympcs,2000,10000,0.36248777333180304,0.0,0.0,True,2000,1.0,0.9980829527187469,0.9999999999999998,105.825,0.3887926021672732,100.0
efficiency_gain,guarded_allpairs_asympcs,2000,10000,0.36248777333180304,0.0,0.0,True,1963,0.9815,0.9746052332822633,0.9865486501858901,3258.625,51.31309218598602,2550.0
efficiency_gain,guarded_allpairs_asympcs_simultaneous,2000,10000,0.36248777333180304,0.0,0.0,True,1963,0.9815,0.9746052332822633,0.9865486501858901,3359.0,50.87662282424021,2700.0
efficiency_gain,win_only_disjoint_gs_obf,2000,10000,0.36248777333180304,0.0,0.0,True,2000,1.0,0.9980829527187469,0.9999999999999998,1000.0,0.0,1000.0
efficiency_gain,guarded_disjoint_gs_obf,2000,10000,0.36248777333180304,0.0,0.0,True,1999,0.9995,0.9971731374967338,0.9999117322692944,4471.5,28.793990258385517,4000.0
efficiency_gain,win_only_disjoint_betting,2000,10000,0.36248777333180304,0.0,0.0,True,2000,1.0,0.9980829527187469,0.9999999999999998,117.575,0.6972694511449645,100.0
efficiency_gain,guarded_disjoint_betting,2000,10000,0.36248777333180304,0.0,0.0,True,1933,0.9665,0.9576766713572294,0.9735347235293615,4260.3,53.02681590478539,3650.0
efficiency_gain,guarded_disjoint_betting_simultaneous,2000,10000,0.36248777333180304,0.0,0.0,True,1932,0.966,0.9571215720934327,0.9730917398404393,4361.825,51.905305217169285,3750.0
efficiency_gain,win_only_disjoint_betting_simultaneous,2000,10000,0.36248777333180304,0.0,0.0,True,2000,1.0,0.9980829527187469,0.9999999999999998,117.575,0.6972694511449645,100.0
success_regression,win_only_allpairs_fixed_wald,2000,10000,0.3106364816712778,-0.09999999999999998,0.0,False,2000,1.0,0.9980829527187469,0.9999999999999998,10000.0,0.0,10000.0
success_regression,guarded_allpairs_fixed_wald,2000,10000,0.3106364816712778,-0.09999999999999998,0.0,False,0,0.0,1.0842021724855044e-19,0.001917047281252934,10000.0,0.0,
success_regression,win_only_allpairs_gs_obf,2000,10000,0.3106364816712778,-0.09999999999999998,0.0,False,2000,1.0,0.9980829527187469,0.9999999999999998,1000.0,0.0,1000.0
success_regression,guarded_allpairs_gs_obf,2000,10000,0.3106364816712778,-0.09999999999999998,0.0,False,0,0.0,1.0842021724855044e-19,0.001917047281252934,10000.0,0.0,
success_regression,guarded_allpairs_gs_obf_simultaneous,2000,10000,0.3106364816712778,-0.09999999999999998,0.0,False,0,0.0,1.0842021724855044e-19,0.001917047281252934,10000.0,0.0,
success_regression,win_only_allpairs_gs_pocock,2000,10000,0.3106364816712778,-0.09999999999999998,0.0,False,2000,1.0,0.9980829527187469,0.9999999999999998,1000.0,0.0,1000.0
success_regression,guarded_allpairs_gs_pocock,2000,10000,0.3106364816712778,-0.09999999999999998,0.0,False,0,0.0,1.0842021724855044e-19,0.001917047281252934,10000.0,0.0,
success_regression,guarded_allpairs_gs_pocock_simultaneous,2000,10000,0.3106364816712778,-0.09999999999999998,0.0,False,0,0.0,1.0842021724855044e-19,0.001917047281252934,10000.0,0.0,
success_regression,win_only_allpairs_gs_hsd,2000,10000,0.3106364816712778,-0.09999999999999998,0.0,False,2000,1.0,0.9980829527187469,0.9999999999999998,1000.0,0.0,1000.0
success_regression,guarded_allpairs_gs_hsd,2000,10000,0.3106364816712778,-0.09999999999999998,0.0,False,0,0.0,1.0842021724855044e-19,0.001917047281252934,10000.0,0.0,
success_regression,guarded_allpairs_gs_hsd_simultaneous,2000,10000,0.3106364816712778,-0.09999999999999998,0.0,False,0,0.0,1.0842021724855044e-19,0.001917047281252934,10000.0,0.0,
success_regression,win_only_allpairs_asympcs,2000,10000,0.3106364816712778,-0.09999999999999998,0.0,False,2000,1.0,0.9980829527187469,0.9999999999999998,121.3,0.744583776347565,100.0
success_regression,guarded_allpairs_asympcs,2000,10000,0.3106364816712778,-0.09999999999999998,0.0,False,0,0.0,1.0842021724855044e-19,0.001917047281252934,10000.0,0.0,
success_regression,guarded_allpairs_asympcs_simultaneous,2000,10000,0.3106364816712778,-0.09999999999999998,0.0,False,0,0.0,1.0842021724855044e-19,0.001917047281252934,10000.0,0.0,
success_regression,win_only_disjoint_gs_obf,2000,10000,0.3106364816712778,-0.09999999999999998,0.0,False,2000,1.0,0.9980829527187469,0.9999999999999998,1000.0,0.0,1000.0
success_regression,guarded_disjoint_gs_obf,2000,10000,0.3106364816712778,-0.09999999999999998,0.0,False,0,0.0,1.0842021724855044e-19,0.001917047281252934,10000.0,0.0,
success_regression,win_only_disjoint_betting,2000,10000,0.3106364816712778,-0.09999999999999998,0.0,False,2000,1.0,0.9980829527187469,0.9999999999999998,138.625,1.1066524691609376,100.0
success_regression,guarded_disjoint_betting,2000,10000,0.3106364816712778,-0.09999999999999998,0.0,False,0,0.0,1.0842021724855044e-19,0.001917047281252934,10000.0,0.0,
success_regression,guarded_disjoint_betting_simultaneous,2000,10000,0.3106364816712778,-0.09999999999999998,0.0,False,0,0.0,1.0842021724855044e-19,0.001917047281252934,10000.0,0.0,
success_regression,win_only_disjoint_betting_simultaneous,2000,10000,0.3106364816712778,-0.09999999999999998,0.0,False,2000,1.0,0.9980829527187469,0.9999999999999998,138.625,1.1066524691609376,100.0
safety_regression,win_only_allpairs_fixed_wald,2000,10000,0.41052398770291293,0.0,-0.020000000000000018,False,2000,1.0,0.9980829527187469,0.9999999999999998,10000.0,0.0,10000.0
safety_regression,guarded_allpairs_fixed_wald,2000,10000,0.41052398770291293,0.0,-0.020000000000000018,False,0,0.0,1.0842021724855044e-19,0.001917047281252934,10000.0,0.0,
safety_regression,win_only_allpairs_gs_obf,2000,10000,0.41052398770291293,0.0,-0.020000000000000018,False,2000,1.0,0.9980829527187469,0.9999999999999998,1000.0,0.0,1000.0
safety_regression,guarded_allpairs_gs_obf,2000,10000,0.41052398770291293,0.0,-0.020000000000000018,False,0,0.0,1.0842021724855044e-19,0.001917047281252934,10000.0,0.0,
safety_regression,guarded_allpairs_gs_obf_simultaneous,2000,10000,0.41052398770291293,0.0,-0.020000000000000018,False,0,0.0,1.0842021724855044e-19,0.001917047281252934,10000.0,0.0,
safety_regression,win_only_allpairs_gs_pocock,2000,10000,0.41052398770291293,0.0,-0.020000000000000018,False,2000,1.0,0.9980829527187469,0.9999999999999998,1000.0,0.0,1000.0
safety_regression,guarded_allpairs_gs_pocock,2000,10000,0.41052398770291293,0.0,-0.020000000000000018,False,0,0.0,1.0842021724855044e-19,0.001917047281252934,10000.0,0.0,
safety_regression,guarded_allpairs_gs_pocock_simultaneous,2000,10000,0.41052398770291293,0.0,-0.020000000000000018,False,0,0.0,1.0842021724855044e-19,0.001917047281252934,10000.0,0.0,
safety_regression,win_only_allpairs_gs_hsd,2000,10000,0.41052398770291293,0.0,-0.020000000000000018,False,2000,1.0,0.9980829527187469,0.9999999999999998,1000.0,0.0,1000.0
safety_regression,guarded_allpairs_gs_hsd,2000,10000,0.41052398770291293,0.0,-0.020000000000000018,False,0,0.0,1.0842021724855044e-19,0.001917047281252934,10000.0,0.0,
safety_regression,guarded_allpairs_gs_hsd_simultaneous,2000,10000,0.41052398770291293,0.0,-0.020000000000000018,False,0,0.0,1.0842021724855044e-19,0.001917047281252934,10000.0,0.0,
safety_regression,win_only_allpairs_asympcs,2000,10000,0.41052398770291293,0.0,-0.020000000000000018,False,2000,1.0,0.9980829527187469,0.9999999999999998,102.05,0.22726361345362855,100.0
safety_regression,guarded_allpairs_asympcs,2000,10000,0.41052398770291293,0.0,-0.020000000000000018,False,9,0.0045,0.0023692806369618345,0.008530513218759823,9966.975,11.466213397957379,1400.0
safety_regression,guarded_allpairs_asympcs_simultaneous,2000,10000,0.41052398770291293,0.0,-0.020000000000000018,False,0,0.0,1.0842021724855044e-19,0.001917047281252934,10000.0,0.0,
safety_regression,win_only_disjoint_gs_obf,2000,10000,0.41052398770291293,0.0,-0.020000000000000018,False,2000,1.0,0.9980829527187469,0.9999999999999998,1000.0,0.0,1000.0
safety_regression,guarded_disjoint_gs_obf,2000,10000,0.41052398770291293,0.0,-0.020000000000000018,False,0,0.0,1.0842021724855044e-19,0.001917047281252934,10000.0,0.0,
safety_regression,win_only_disjoint_betting,2000,10000,0.41052398770291293,0.0,-0.020000000000000018,False,2000,1.0,0.9980829527187469,0.9999999999999998,107.15,0.45627705399241736,100.0
safety_regression,guarded_disjoint_betting,2000,10000,0.41052398770291293,0.0,-0.020000000000000018,False,0,0.0,1.0842021724855044e-19,0.001917047281252934,10000.0,0.0,
safety_regression,guarded_disjoint_betting_simultaneous,2000,10000,0.41052398770291293,0.0,-0.020000000000000018,False,0,0.0,1.0842021724855044e-19,0.001917047281252934,10000.0,0.0,
safety_regression,win_only_disjoint_betting_simultaneous,2000,10000,0.41052398770291293,0.0,-0.020000000000000018,False,2000,1.0,0.9980829527187469,0.9999999999999998,107.15,0.45627705399241736,100.0
joint_gain,win_only_allpairs_fixed_wald,2000,10000,0.30597669413889983,0.08999999999999997,0.0,True,2000,1.0,0.9980829527187469,0.9999999999999998,10000.0,0.0,10000.0
joint_gain,guarded_allpairs_fixed_wald,2000,10000,0.30597669413889983,0.08999999999999997,0.0,True,2000,1.0,0.9980829527187469,0.9999999999999998,10000.0,0.0,10000.0
joint_gain,win_only_allpairs_gs_obf,2000,10000,0.30597669413889983,0.08999999999999997,0.0,True,2000,1.0,0.9980829527187469,0.9999999999999998,1000.0,0.0,1000.0
joint_gain,guarded_allpairs_gs_obf,2000,10000,0.30597669413889983,0.08999999999999997,0.0,True,2000,1.0,0.9980829527187469,0.9999999999999998,2397.5,12.113912456345389,2000.0
joint_gain,guarded_allpairs_gs_obf_simultaneous,2000,10000,0.30597669413889983,0.08999999999999997,0.0,True,2000,1.0,0.9980829527187469,0.9999999999999998,2397.5,12.113912456345389,2000.0
joint_gain,win_only_allpairs_gs_pocock,2000,10000,0.30597669413889983,0.08999999999999997,0.0,True,2000,1.0,0.9980829527187469,0.9999999999999998,1000.0,0.0,1000.0
joint_gain,guarded_allpairs_gs_pocock,2000,10000,0.30597669413889983,0.08999999999999997,0.0,True,2000,1.0,0.9980829527187469,0.9999999999999998,1233.0,10.33709340191913,1000.0
joint_gain,guarded_allpairs_gs_pocock_simultaneous,2000,10000,0.30597669413889983,0.08999999999999997,0.0,True,2000,1.0,0.9980829527187469,0.9999999999999998,1233.0,10.33709340191913,1000.0
joint_gain,win_only_allpairs_gs_hsd,2000,10000,0.30597669413889983,0.08999999999999997,0.0,True,2000,1.0,0.9980829527187469,0.9999999999999998,1000.0,0.0,1000.0
joint_gain,guarded_allpairs_gs_hsd,2000,10000,0.30597669413889983,0.08999999999999997,0.0,True,2000,1.0,0.9980829527187469,0.9999999999999998,1497.5,14.088891901068727,1000.0
joint_gain,guarded_allpairs_gs_hsd_simultaneous,2000,10000,0.30597669413889983,0.08999999999999997,0.0,True,2000,1.0,0.9980829527187469,0.9999999999999998,1497.5,14.088891901068727,1000.0
joint_gain,win_only_allpairs_asympcs,2000,10000,0.30597669413889983,0.08999999999999997,0.0,True,2000,1.0,0.9980829527187469,0.9999999999999998,115.45,0.6230158505206744,100.0
joint_gain,guarded_allpairs_asympcs,2000,10000,0.30597669413889983,0.08999999999999997,0.0,True,2000,1.0,0.9980829527187469,0.9999999999999998,698.375,11.253246406593076,550.0
joint_gain,guarded_allpairs_asympcs_simultaneous,2000,10000,0.30597669413889983,0.08999999999999997,0.0,True,2000,1.0,0.9980829527187469,0.9999999999999998,715.025,11.312338382823421,550.0
joint_gain,win_only_disjoint_gs_obf,2000,10000,0.30597669413889983,0.08999999999999997,0.0,True,2000,1.0,0.9980829527187469,0.9999999999999998,1000.0,0.0,1000.0
joint_gain,guarded_disjoint_gs_obf,2000,10000,0.30597669413889983,0.08999999999999997,0.0,True,2000,1.0,0.9980829527187469,0.9999999999999998,2393.0,12.09444087173938,2000.0
joint_gain,win_only_disjoint_betting,2000,10000,0.30597669413889983,0.08999999999999997,0.0,True,2000,1.0,0.9980829527187469,0.9999999999999998,145.05,1.1927903210539559,150.0
joint_gain,guarded_disjoint_betting,2000,10000,0.30597669413889983,0.08999999999999997,0.0,True,2000,1.0,0.9980829527187469,0.9999999999999998,1423.925,15.500505546191068,1300.0
joint_gain,guarded_disjoint_betting_simultaneous,2000,10000,0.30597669413889983,0.08999999999999997,0.0,True,2000,1.0,0.9980829527187469,0.9999999999999998,1426.8,15.490267266900211,1300.0
joint_gain,win_only_disjoint_betting_simultaneous,2000,10000,0.30597669413889983,0.08999999999999997,0.0,True,2000,1.0,0.9980829527187469,0.9999999999999998,145.05,1.1927903210539559,150.0
weak_gain,win_only_allpairs_fixed_wald,2000,10000,0.009900499999999979,0.010000000000000009,0.0,True,656,0.328,0.3077711179567126,0.3488883463080384,10000.0,0.0,10000.0
weak_gain,guarded_allpairs_fixed_wald,2000,10000,0.009900499999999979,0.010000000000000009,0.0,True,656,0.328,0.3077711179567126,0.3488883463080384,10000.0,0.0,10000.0
weak_gain,win_only_allpairs_gs_obf,2000,10000,0.009900499999999979,0.010000000000000009,0.0,True,634,0.317,0.29697473321910545,0.33772690608583306,9246.5,33.07368856054613,8000.0
weak_gain,guarded_allpairs_gs_obf,2000,10000,0.009900499999999979,0.010000000000000009,0.0,True,634,0.317,0.29697473321910545,0.33772690608583306,9246.5,33.07368856054613,8000.0
weak_gain,guarded_allpairs_gs_obf_simultaneous,2000,10000,0.009900499999999979,0.010000000000000009,0.0,True,634,0.317,0.29697473321910545,0.33772690608583306,9246.5,33.07368856054613,8000.0
weak_gain,win_only_allpairs_gs_pocock,2000,10000,0.009900499999999979,0.010000000000000009,0.0,True,526,0.263,0.2441724933907117,0.28273618702060216,8886.5,52.36228485274492,6000.0
weak_gain,guarded_allpairs_gs_pocock,2000,10000,0.009900499999999979,0.010000000000000009,0.0,True,526,0.263,0.2441724933907117,0.28273618702060216,8891.5,52.02272460185068,6000.0
weak_gain,guarded_allpairs_gs_pocock_simultaneous,2000,10000,0.009900499999999979,0.010000000000000009,0.0,True,525,0.2625,0.24368522688101532,0.28222537057757985,8904.0,51.593526725743416,6000.0
weak_gain,win_only_allpairs_gs_hsd,2000,10000,0.009900499999999979,0.010000000000000009,0.0,True,622,0.311,0.2910913019429493,0.3316333419293642,9239.5,36.88590347273603,8000.0
weak_gain,guarded_allpairs_gs_hsd,2000,10000,0.009900499999999979,0.010000000000000009,0.0,True,622,0.311,0.2910913019429493,0.3316333419293642,9242.0,36.62264326888489,8000.0
weak_gain,guarded_allpairs_gs_hsd_simultaneous,2000,10000,0.009900499999999979,0.010000000000000009,0.0,True,622,0.311,0.2910913019429493,0.3316333419293642,9249.0,36.22153365057863,8000.0
weak_gain,win_only_allpairs_asympcs,2000,10000,0.009900499999999979,0.010000000000000009,0.0,True,232,0.116,0.10269607466146108,0.13077621765054118,9259.5,51.242412853026345,2600.0
weak_gain,guarded_allpairs_asympcs,2000,10000,0.009900499999999979,0.010000000000000009,0.0,True,232,0.116,0.10269607466146108,0.13077621765054118,9271.15,50.31702086521026,2675.0
weak_gain,guarded_allpairs_asympcs_simultaneous,2000,10000,0.009900499999999979,0.010000000000000009,0.0,True,211,0.1055,0.0927847041684807,0.11972784613642784,9377.3,45.795685986782686,3500.0
weak_gain,win_only_disjoint_gs_obf,2000,10000,0.009900499999999979,0.010000000000000009,0.0,True,490,0.245,0.22665152261043398,0.26432617150300497,9451.5,29.41638786459004,8000.0
weak_gain,guarded_disjoint_gs_obf,2000,10000,0.009900499999999979,0.010000000000000009,0.0,True,490,0.245,0.22665152261043398,0.26432617150300497,9451.5,29.41638786459004,8000.0
weak_gain,win_only_disjoint_betting,2000,10000,0.009900499999999979,0.010000000000000009,0.0,True,83,0.0415,0.033602383185357104,0.05115554917155182,9771.1,28.042220757279477,4250.0
weak_gain,guarded_disjoint_betting,2000,10000,0.009900499999999979,0.010000000000000009,0.0,True,83,0.0415,0.033602383185357104,0.05115554917155182,9778.7,26.851664845964276,4250.0
weak_gain,guarded_disjoint_betting_simultaneous,2000,10000,0.009900499999999979,0.010000000000000009,0.0,True,70,0.035,0.027795569156293554,0.04398728481527167,9837.75,21.75721073000857,5075.0
weak_gain,win_only_disjoint_betting_simultaneous,2000,10000,0.009900499999999979,0.010000000000000009,0.0,True,83,0.0415,0.033602383185357104,0.05115554917155182,9771.1,28.042220757279477,4250.0
tie_heavy_null,win_only_allpairs_fixed_wald,2000,10000,-4.946168474795342e-18,0.0,0.0,False,81,0.0405,0.03270494331440327,0.05005682313706816,10000.0,0.0,10000.0
tie_heavy_null,guarded_allpairs_fixed_wald,2000,10000,-4.946168474795342e-18,0.0,0.0,False,81,0.0405,0.03270494331440327,0.05005682313706816,10000.0,0.0,10000.0
tie_heavy_null,win_only_allpairs_gs_obf,2000,10000,-4.946168474795342e-18,0.0,0.0,False,87,0.0435,0.03540128785854411,0.0533489763092398,9898.5,13.023013284182735,8000.0
tie_heavy_null,guarded_allpairs_gs_obf,2000,10000,-4.946168474795342e-18,0.0,0.0,False,87,0.0435,0.03540128785854411,0.0533489763092398,9898.5,13.023013284182735,8000.0
tie_heavy_null,guarded_allpairs_gs_obf_simultaneous,2000,10000,-4.946168474795342e-18,0.0,0.0,False,87,0.0435,0.03540128785854411,0.0533489763092398,9898.5,13.023013284182735,8000.0
tie_heavy_null,win_only_allpairs_gs_pocock,2000,10000,-4.946168474795342e-18,0.0,0.0,False,101,0.0505,0.04173547326167801,0.06098795224416838,9738.5,28.76732304195161,5000.0
tie_heavy_null,guarded_allpairs_gs_pocock,2000,10000,-4.946168474795342e-18,0.0,0.0,False,101,0.0505,0.04173547326167801,0.06098795224416838,9738.5,28.76732304195161,5000.0
tie_heavy_null,guarded_allpairs_gs_pocock_simultaneous,2000,10000,-4.946168474795342e-18,0.0,0.0,False,101,0.0505,0.04173547326167801,0.06098795224416838,9738.5,28.76732304195161,5000.0
tie_heavy_null,win_only_allpairs_gs_hsd,2000,10000,-4.946168474795342e-18,0.0,0.0,False,88,0.044,0.03585182041641652,0.05389652670408614,9891.0,15.509980657628171,8000.0
tie_heavy_null,guarded_allpairs_gs_hsd,2000,10000,-4.946168474795342e-18,0.0,0.0,False,88,0.044,0.03585182041641652,0.05389652670408614,9891.0,15.509980657628171,8000.0
tie_heavy_null,guarded_allpairs_gs_hsd_simultaneous,2000,10000,-4.946168474795342e-18,0.0,0.0,False,88,0.044,0.03585182041641652,0.05389652670408614,9891.0,15.509980657628171,8000.0
tie_heavy_null,win_only_allpairs_asympcs,2000,10000,-4.946168474795342e-18,0.0,0.0,False,40,0.02,0.014721726201265444,0.027118639188737373,9841.55,25.747753275771572,1350.0
tie_heavy_null,guarded_allpairs_asympcs,2000,10000,-4.946168474795342e-18,0.0,0.0,False,40,0.02,0.014721726201265444,0.027118639188737373,9842.675,25.54354218168473,1375.0
tie_heavy_null,guarded_allpairs_asympcs_simultaneous,2000,10000,-4.946168474795342e-18,0.0,0.0,False,38,0.019,0.013873784918301425,0.025970414566263898,9854.0,24.411513676951703,1700.0
tie_heavy_null,win_only_disjoint_gs_obf,2000,10000,-4.946168474795342e-18,0.0,0.0,False,89,0.0445,0.03630266512840682,0.054443764944814586,9899.0,13.762249089447552,8000.0
tie_heavy_null,guarded_disjoint_gs_obf,2000,10000,-4.946168474795342e-18,0.0,0.0,False,89,0.0445,0.03630266512840682,0.054443764944814586,9899.0,13.762249089447552,8000.0
tie_heavy_null,win_only_disjoint_betting,2000,10000,-4.946168474795342e-18,0.0,0.0,False,21,0.0105,0.006877887380873443,0.015998901907473176,9925.175,17.484313961019666,2000.0
tie_heavy_null,guarded_disjoint_betting,2000,10000,-4.946168474795342e-18,0.0,0.0,False,21,0.0105,0.006877887380873443,0.015998901907473176,9927.3,16.924164824297954,2000.0
tie_heavy_null,guarded_disjoint_betting_simultaneous,2000,10000,-4.946168474795342e-18,0.0,0.0,False,15,0.0075,0.004550377435809225,0.012337914136224913,9954.15,12.954492994710437,2350.0
tie_heavy_null,win_only_disjoint_betting_simultaneous,2000,10000,-4.946168474795342e-18,0.0,0.0,False,21,0.0105,0.006877887380873443,0.015998901907473176,9925.175,17.484313961019666,2000.0
tie_heavy_efficiency,win_only_allpairs_fixed_wald,2000,10000,0.057998043733088485,0.0,0.0,True,2000,1.0,0.9980829527187469,0.9999999999999998,10000.0,0.0,10000.0
tie_heavy_efficiency,guarded_allpairs_fixed_wald,2000,10000,0.057998043733088485,0.0,0.0,True,2000,1.0,0.9980829527187469,0.9999999999999998,10000.0,0.0,10000.0
tie_heavy_efficiency,win_only_allpairs_gs_obf,2000,10000,0.057998043733088485,0.0,0.0,True,2000,1.0,0.9980829527187469,0.9999999999999998,2728.0,13.892731912766473,3000.0
tie_heavy_efficiency,guarded_allpairs_gs_obf,2000,10000,0.057998043733088485,0.0,0.0,True,1999,0.9995,0.9971731374967338,0.9999117322692944,4688.5,30.228031278930487,4000.0
tie_heavy_efficiency,guarded_allpairs_gs_obf_simultaneous,2000,10000,0.057998043733088485,0.0,0.0,True,1999,0.9995,0.9971731374967338,0.9999117322692944,4688.5,30.228031278930487,4000.0
tie_heavy_efficiency,win_only_allpairs_gs_pocock,2000,10000,0.057998043733088485,0.0,0.0,True,2000,1.0,0.9980829527187469,0.9999999999999998,1422.5,13.692949828287547,1000.0
tie_heavy_efficiency,guarded_allpairs_gs_pocock,2000,10000,0.057998043733088485,0.0,0.0,True,1997,0.9985,0.9955989674442294,0.9994897364163615,3309.5,41.25354378717058,3000.0
tie_heavy_efficiency,guarded_allpairs_gs_pocock_simultaneous,2000,10000,0.057998043733088485,0.0,0.0,True,1997,0.9985,0.9955989674442294,0.9994897364163615,3320.5,41.1993916824023,3000.0
tie_heavy_efficiency,win_only_allpairs_gs_hsd,2000,10000,0.057998043733088485,0.0,0.0,True,2000,1.0,0.9980829527187469,0.9999999999999998,1848.5,17.06674763978187,2000.0
tie_heavy_efficiency,guarded_allpairs_gs_hsd,2000,10000,0.057998043733088485,0.0,0.0,True,2000,1.0,0.9980829527187469,0.9999999999999998,4164.0,39.338937453876405,4000.0
tie_heavy_efficiency,guarded_allpairs_gs_hsd_simultaneous,2000,10000,0.057998043733088485,0.0,0.0,True,2000,1.0,0.9980829527187469,0.9999999999999998,4171.0,39.241298398498486,4000.0
tie_heavy_efficiency,win_only_allpairs_asympcs,2000,10000,0.057998043733088485,0.0,0.0,True,2000,1.0,0.9980829527187469,0.9999999999999998,1022.125,15.329656460191794,850.0
tie_heavy_efficiency,guarded_allpairs_asympcs,2000,10000,0.057998043733088485,0.0,0.0,True,1932,0.966,0.9571215720934327,0.9730917398404393,3586.325,56.511278716619934,2875.0
tie_heavy_efficiency,guarded_allpairs_asympcs_simultaneous,2000,10000,0.057998043733088485,0.0,0.0,True,1931,0.9655,0.9565669231288751,0.9726483058522783,3682.75,55.78837216436773,3000.0
tie_heavy_efficiency,win_only_disjoint_gs_obf,2000,10000,0.057998043733088485,0.0,0.0,True,2000,1.0,0.9980829527187469,0.9999999999999998,2875.5,14.882871866679496,3000.0
tie_heavy_efficiency,guarded_disjoint_gs_obf,2000,10000,0.057998043733088485,0.0,0.0,True,1999,0.9995,0.9971731374967338,0.9999117322692944,4686.0,30.260568401799727,4000.0
tie_heavy_efficiency,win_only_disjoint_betting,2000,10000,0.057998043733088485,0.0,0.0,True,2000,1.0,0.9980829527187469,0.9999999999999998,1562.25,20.692419354681558,1400.0
tie_heavy_efficiency,guarded_disjoint_betting,2000,10000,0.057998043733088485,0.0,0.0,True,1875,0.9375,0.9260297152353917,0.9472928683935119,4708.675,57.02392477888118,4050.0
tie_heavy_efficiency,guarded_disjoint_betting_simultaneous,2000,10000,0.057998043733088485,0.0,0.0,True,1875,0.9375,0.9260297152353917,0.9472928683935119,4790.7,56.032361229917846,4100.0
tie_heavy_efficiency,win_only_disjoint_betting_simultaneous,2000,10000,0.057998043733088485,0.0,0.0,True,2000,1.0,0.9980829527187469,0.9999999999999998,1562.25,20.692419354681558,1400.0
