scenario,method,gate,threshold,true_value,gate_true,rejections,rejection_rate,rate_ci_lower,rate_ci_upper
null,allpairs_fixed_wald,nb,0.0,-3.0913552967470894e-17,False,114,0.057,0.047662768878229574,0.06803573501296051
null,allpairs_fixed_wald,success,-0.03,0.0,True,1997,0.9985,0.9955989674442294,0.9994897364163615
null,allpairs_fixed_wald,compliance,-0.01,0.0,True,2000,1.0,0.9980829527187469,0.9999999999999998
null,allpairs_gs_obf,nb,0.0,-3.0913552967470894e-17,False,115,0.0575,0.04812031303342549,0.06857627381048334
null,allpairs_gs_obf,success,-0.03,0.0,True,1997,0.9985,0.9955989674442294,0.9994897364163615
null,allpairs_gs_obf,compliance,-0.01,0.0,True,2000,1.0,0.9980829527187469,0.9999999999999998
null,allpairs_gs_pocock,nb,0.0,-3.0913552967470894e-17,False,114,0.057,0.047662768878229574,0.06803573501296051
null,allpairs_gs_pocock,success,-0.03,0.0,True,1994,0.997,0.9934700849260646,0.9986243700763698
null,allpairs_gs_pocock,compliance,-0.01,0.0,True,2000,1.0,0.9980829527187469,0.9999999999999998
null,allpairs_gs_hsd,nb,0.0,-3.0913552967470894e-17,False,114,0.057,0.047662768878229574,0.06803573501296051
null,allpairs_gs_hsd,success,-0.03,0.0,True,1997,0.9985,0.9955989674442294,0.9994897364163615
null,allpairs_gs_hsd,compliance,-0.01,0.0,True,2000,1.0,0.9980829527187469,0.9999999999999998
null,allpairs_asympcs,nb,0.0,-3.0913552967470894e-17,False,55,0.0275,0.021188498165677007,0.03562311151510701
null,allpairs_asympcs,success,-0.03,0.0,True,1962,0.981,0.974029585433736,0.9861262150816985
null,allpairs_asympcs,compliance,-0.01,0.0,True,2000,1.0,0.9980829527187469,0.9999999999999998
null,disjoint_gs_obf,nb,0.0,-3.0913552967470894e-17,False,106,0.053,0.04401045720579706,0.06370338306364304
null,disjoint_gs_obf,success,-0.03,0.0,True,1997,0.9985,0.9955989674442294,0.9994897364163615
null,disjoint_gs_obf,compliance,-0.01,0.0,True,2000,1.0,0.9980829527187469,0.9999999999999998
null,disjoint_betting,nb,0.0,-3.0913552967470894e-17,False,16,0.008,0.0049302968532159265,0.012956077671536958
null,disjoint_betting,success,-0.03,0.0,True,1922,0.961,0.9515939149560816,0.968638567450603
null,disjoint_betting,compliance,-0.01,0.0,True,2000,1.0,0.9980829527187469,0.9999999999999998
efficiency_gain,allpairs_fixed_wald,nb,0.0,0.36248777333180304,True,2000,1.0,0.9980829527187469,0.9999999999999998
efficiency_gain,allpairs_fixed_wald,success,-0.03,0.0,True,1999,0.9995,0.9971731374967338,0.9999117322692944
efficiency_gain,allpairs_fixed_wald,compliance,-0.01,0.0,True,2000,1.0,0.9980829527187469,0.9999999999999998
efficiency_gain,allpairs_gs_obf,nb,0.0,0.36248777333180304,True,2000,1.0,0.9980829527187469,0.9999999999999998
efficiency_gain,allpairs_gs_obf,success,-0.03,0.0,True,1999,0.9995,0.9971731374967338,0.9999117322692944
efficiency_gain,allpairs_gs_obf,compliance,-0.01,0.0,True,2000,1.0,0.9980829527187469,0.9999999999999998
efficiency_gain,allpairs_gs_pocock,nb,0.0,0.36248777333180304,True,2000,1.0,0.9980829527187469,0.9999999999999998
efficiency_gain,allpairs_gs_pocock,success,-0.03,0.0,True,1995,0.9975,0.9941608466835673,0.9989316912715861
efficiency_gain,allpairs_gs_pocock,compliance,-0.01,0.0,True,2000,1.0,0.9980829527187469,0.9999999999999998
efficiency_gain,allpairs_gs_hsd,nb,0.0,0.36248777333180304,True,2000,1.0,0.9980829527187469,0.9999999999999998
efficiency_gain,allpairs_gs_hsd,success,-0.03,0.0,True,1999,0.9995,0.9971731374967338,0.9999117322692944
efficiency_gain,allpairs_gs_hsd,compliance,-0.01,0.0,True,2000,1.0,0.9980829527187469,0.9999999999999998
efficiency_gain,allpairs_asympcs,nb,0.0,0.36248777333180304,True,2000,1.0,0.9980829527187469,0.9999999999999998
efficiency_gain,allpairs_asympcs,success,-0.03,0.0,True,1963,0.9815,0.9746052332822633,0.9865486501858901
efficiency_gain,allpairs_asympcs,compliance,-0.01,0.0,True,2000,1.0,0.9980829527187469,0.9999999999999998
efficiency_gain,disjoint_gs_obf,nb,0.0,0.36248777333180304,True,2000,1.0,0.9980829527187469,0.9999999999999998
efficiency_gain,disjoint_gs_obf,success,-0.03,0.0,True,1999,0.9995,0.9971731374967338,0.9999117322692944
efficiency_gain,disjoint_gs_obf,compliance,-0.01,0.0,True,2000,1.0,0.9980829527187469,0.9999999999999998
efficiency_gain,disjoint_betting,nb,0.0,0.36248777333180304,True,2000,1.0,0.9980829527187469,0.9999999999999998
efficiency_gain,disjoint_betting,success,-0.03,0.0,True,1933,0.9665,0.9576766713572294,0.9735347235293615
efficiency_gain,disjoint_betting,compliance,-0.01,0.0,True,2000,1.0,0.9980829527187469,0.9999999999999998
success_regression,allpairs_fixed_wald,nb,0.0,0.3106364816712778,True,2000,1.0,0.9980829527187469,0.9999999999999998
success_regression,allpairs_fixed_wald,success,-0.03,-0.09999999999999998,False,0,0.0,1.0842021724855044e-19,0.001917047281252934
success_regression,allpairs_fixed_wald,compliance,-0.01,0.0,True,2000,1.0,0.9980829527187469,0.9999999999999998
success_regression,allpairs_gs_obf,nb,0.0,0.3106364816712778,True,2000,1.0,0.9980829527187469,0.9999999999999998
success_regression,allpairs_gs_obf,success,-0.03,-0.09999999999999998,False,0,0.0,1.0842021724855044e-19,0.001917047281252934
success_regression,allpairs_gs_obf,compliance,-0.01,0.0,True,2000,1.0,0.9980829527187469,0.9999999999999998
success_regression,allpairs_gs_pocock,nb,0.0,0.3106364816712778,True,2000,1.0,0.9980829527187469,0.9999999999999998
success_regression,allpairs_gs_pocock,success,-0.03,-0.09999999999999998,False,0,0.0,1.0842021724855044e-19,0.001917047281252934
success_regression,allpairs_gs_pocock,compliance,-0.01,0.0,True,2000,1.0,0.9980829527187469,0.9999999999999998
success_regression,allpairs_gs_hsd,nb,0.0,0.3106364816712778,True,2000,1.0,0.9980829527187469,0.9999999999999998
success_regression,allpairs_gs_hsd,success,-0.03,-0.09999999999999998,False,0,0.0,1.0842021724855044e-19,0.001917047281252934
success_regression,allpairs_gs_hsd,compliance,-0.01,0.0,True,2000,1.0,0.9980829527187469,0.9999999999999998
success_regression,allpairs_asympcs,nb,0.0,0.3106364816712778,True,2000,1.0,0.9980829527187469,0.9999999999999998
success_regression,allpairs_asympcs,success,-0.03,-0.09999999999999998,False,0,0.0,1.0842021724855044e-19,0.001917047281252934
success_regression,allpairs_asympcs,compliance,-0.01,0.0,True,2000,1.0,0.9980829527187469,0.9999999999999998
success_regression,disjoint_gs_obf,nb,0.0,0.3106364816712778,True,2000,1.0,0.9980829527187469,0.9999999999999998
success_regression,disjoint_gs_obf,success,-0.03,-0.09999999999999998,False,0,0.0,1.0842021724855044e-19,0.001917047281252934
success_regression,disjoint_gs_obf,compliance,-0.01,0.0,True,2000,1.0,0.9980829527187469,0.9999999999999998
success_regression,disjoint_betting,nb,0.0,0.3106364816712778,True,2000,1.0,0.9980829527187469,0.9999999999999998
success_regression,disjoint_betting,success,-0.03,-0.09999999999999998,False,0,0.0,1.0842021724855044e-19,0.001917047281252934
success_regression,disjoint_betting,compliance,-0.01,0.0,True,2000,1.0,0.9980829527187469,0.9999999999999998
safety_regression,allpairs_fixed_wald,nb,0.0,0.41052398770291293,True,2000,1.0,0.9980829527187469,0.9999999999999998
safety_regression,allpairs_fixed_wald,success,-0.03,0.0,True,1998,0.999,0.9963610657309615,0.9997257210823479
safety_regression,allpairs_fixed_wald,compliance,-0.01,-0.020000000000000018,False,0,0.0,1.0842021724855044e-19,0.001917047281252934
safety_regression,allpairs_gs_obf,nb,0.0,0.41052398770291293,True,2000,1.0,0.9980829527187469,0.9999999999999998
safety_regression,allpairs_gs_obf,success,-0.03,0.0,True,1997,0.9985,0.9955989674442294,0.9994897364163615
safety_regression,allpairs_gs_obf,compliance,-0.01,-0.020000000000000018,False,0,0.0,1.0842021724855044e-19,0.001917047281252934
safety_regression,allpairs_gs_pocock,nb,0.0,0.41052398770291293,True,2000,1.0,0.9980829527187469,0.9999999999999998
safety_regression,allpairs_gs_pocock,success,-0.03,0.0,True,1997,0.9985,0.9955989674442294,0.9994897364163615
safety_regression,allpairs_gs_pocock,compliance,-0.01,-0.020000000000000018,False,0,0.0,1.0842021724855044e-19,0.001917047281252934
safety_regression,allpairs_gs_hsd,nb,0.0,0.41052398770291293,True,2000,1.0,0.9980829527187469,0.9999999999999998
safety_regression,allpairs_gs_hsd,success,-0.03,0.0,True,1997,0.9985,0.9955989674442294,0.9994897364163615
safety_regression,allpairs_gs_hsd,compliance,-0.01,-0.020000000000000018,False,0,0.0,1.0842021724855044e-19,0.001917047281252934
safety_regression,allpairs_asympcs,nb,0.0,0.41052398770291293,True,2000,1.0,0.9980829527187469,0.9999999999999998
safety_regression,allpairs_asympcs,success,-0.03,0.0,True,1970,0.985,0.9786675621742913,0.9894729019628932
safety_regression,allpairs_asympcs,compliance,-0.01,-0.020000000000000018,False,9,0.0045,0.0023692806369618345,0.008530513218759823
safety_regression,disjoint_gs_obf,nb,0.0,0.41052398770291293,True,2000,1.0,0.9980829527187469,0.9999999999999998
safety_regression,disjoint_gs_obf,success,-0.03,0.0,True,1997,0.9985,0.9955989674442294,0.9994897364163615
safety_regression,disjoint_gs_obf,compliance,-0.01,-0.020000000000000018,False,0,0.0,1.0842021724855044e-19,0.001917047281252934
safety_regression,disjoint_betting,nb,0.0,0.41052398770291293,True,2000,1.0,0.9980829527187469,0.9999999999999998
safety_regression,disjoint_betting,success,-0.03,0.0,True,1948,0.974,0.9660647268553368,0.9801179123220352
safety_regression,disjoint_betting,compliance,-0.01,-0.020000000000000018,False,0,0.0,1.0842021724855044e-19,0.001917047281252934
joint_gain,allpairs_fixed_wald,nb,0.0,0.30597669413889983,True,2000,1.0,0.9980829527187469,0.9999999999999998
joint_gain,allpairs_fixed_wald,success,-0.03,0.08999999999999997,True,2000,1.0,0.9980829527187469,0.9999999999999998
joint_gain,allpairs_fixed_wald,compliance,-0.01,0.0,True,2000,1.0,0.9980829527187469,0.9999999999999998
joint_gain,allpairs_gs_obf,nb,0.0,0.30597669413889983,True,2000,1.0,0.9980829527187469,0.9999999999999998
joint_gain,allpairs_gs_obf,success,-0.03,0.08999999999999997,True,2000,1.0,0.9980829527187469,0.9999999999999998
joint_gain,allpairs_gs_obf,compliance,-0.01,0.0,True,2000,1.0,0.9980829527187469,0.9999999999999998
joint_gain,allpairs_gs_pocock,nb,0.0,0.30597669413889983,True,2000,1.0,0.9980829527187469,0.9999999999999998
joint_gain,allpairs_gs_pocock,success,-0.03,0.08999999999999997,True,2000,1.0,0.9980829527187469,0.9999999999999998
joint_gain,allpairs_gs_pocock,compliance,-0.01,0.0,True,2000,1.0,0.9980829527187469,0.9999999999999998
joint_gain,allpairs_gs_hsd,nb,0.0,0.30597669413889983,True,2000,1.0,0.9980829527187469,0.9999999999999998
joint_gain,allpairs_gs_hsd,success,-0.03,0.08999999999999997,True,2000,1.0,0.9980829527187469,0.9999999999999998
joint_gain,allpairs_gs_hsd,compliance,-0.01,0.0,True,2000,1.0,0.9980829527187469,0.9999999999999998
joint_gain,allpairs_asympcs,nb,0.0,0.30597669413889983,True,2000,1.0,0.9980829527187469,0.9999999999999998
joint_gain,allpairs_asympcs,success,-0.03,0.08999999999999997,True,2000,1.0,0.9980829527187469,0.9999999999999998
joint_gain,allpairs_asympcs,compliance,-0.01,0.0,True,2000,1.0,0.9980829527187469,0.9999999999999998
joint_gain,disjoint_gs_obf,nb,0.0,0.30597669413889983,True,2000,1.0,0.9980829527187469,0.9999999999999998
joint_gain,disjoint_gs_obf,success,-0.03,0.08999999999999997,True,2000,1.0,0.9980829527187469,0.9999999999999998
joint_gain,disjoint_gs_obf,compliance,-0.01,0.0,True,2000,1.0,0.9980829527187469,0.9999999999999998
joint_gain,disjoint_betting,nb,0.0,0.30597669413889983,True,2000,1.0,0.9980829527187469,0.9999999999999998
joint_gain,disjoint_betting,success,-0.03,0.08999999999999997,True,2000,1.0,0.9980829527187469,0.9999999999999998
joint_gain,disjoint_betting,compliance,-0.01,0.0,True,2000,1.0,0.9980829527187469,0.9999999999999998
weak_gain,allpairs_fixed_wald,nb,0.0,0.009900499999999979,True,656,0.328,0.3077711179567126,0.3488883463080384
weak_gain,allpairs_fixed_wald,success,-0.03,0.010000000000000009,True,2000,1.0,0.9980829527187469,0.9999999999999998
weak_gain,allpairs_fixed_wald,compliance,-0.01,0.0,True,2000,1.0,0.9980829527187469,0.9999999999999998
weak_gain,allpairs_gs_obf,nb,0.0,0.009900499999999979,True,634,0.317,0.29697473321910545,0.33772690608583306
weak_gain,allpairs_gs_obf,success,-0.03,0.010000000000000009,True,2000,1.0,0.9980829527187469,0.9999999999999998
weak_gain,allpairs_gs_obf,compliance,-0.01,0.0,True,2000,1.0,0.9980829527187469,0.9999999999999998
weak_gain,allpairs_gs_pocock,nb,0.0,0.009900499999999979,True,526,0.263,0.2441724933907117,0.28273618702060216
weak_gain,allpairs_gs_pocock,success,-0.03,0.010000000000000009,True,2000,1.0,0.9980829527187469,0.9999999999999998
weak_gain,allpairs_gs_pocock,compliance,-0.01,0.0,True,2000,1.0,0.9980829527187469,0.9999999999999998
weak_gain,allpairs_gs_hsd,nb,0.0,0.009900499999999979,True,622,0.311,0.2910913019429493,0.3316333419293642
weak_gain,allpairs_gs_hsd,success,-0.03,0.010000000000000009,True,2000,1.0,0.9980829527187469,0.9999999999999998
weak_gain,allpairs_gs_hsd,compliance,-0.01,0.0,True,2000,1.0,0.9980829527187469,0.9999999999999998
weak_gain,allpairs_asympcs,nb,0.0,0.009900499999999979,True,232,0.116,0.10269607466146108,0.13077621765054118
weak_gain,allpairs_asympcs,success,-0.03,0.010000000000000009,True,2000,1.0,0.9980829527187469,0.9999999999999998
weak_gain,allpairs_asympcs,compliance,-0.01,0.0,True,2000,1.0,0.9980829527187469,0.9999999999999998
weak_gain,disjoint_gs_obf,nb,0.0,0.009900499999999979,True,490,0.245,0.22665152261043398,0.26432617150300497
weak_gain,disjoint_gs_obf,success,-0.03,0.010000000000000009,True,2000,1.0,0.9980829527187469,0.9999999999999998
weak_gain,disjoint_gs_obf,compliance,-0.01,0.0,True,2000,1.0,0.9980829527187469,0.9999999999999998
weak_gain,disjoint_betting,nb,0.0,0.009900499999999979,True,83,0.0415,0.033602383185357104,0.05115554917155182
weak_gain,disjoint_betting,success,-0.03,0.010000000000000009,True,1999,0.9995,0.9971731374967338,0.9999117322692944
weak_gain,disjoint_betting,compliance,-0.01,0.0,True,2000,1.0,0.9980829527187469,0.9999999999999998
tie_heavy_null,allpairs_fixed_wald,nb,0.0,-4.946168474795342e-18,False,81,0.0405,0.03270494331440327,0.05005682313706816
tie_heavy_null,allpairs_fixed_wald,success,-0.03,0.0,True,1996,0.998,0.994868648214923,0.9992219726929489
tie_heavy_null,allpairs_fixed_wald,compliance,-0.01,0.0,True,2000,1.0,0.9980829527187469,0.9999999999999998
tie_heavy_null,allpairs_gs_obf,nb,0.0,-4.946168474795342e-18,False,87,0.0435,0.03540128785854411,0.0533489763092398
tie_heavy_null,allpairs_gs_obf,success,-0.03,0.0,True,1996,0.998,0.994868648214923,0.9992219726929489
tie_heavy_null,allpairs_gs_obf,compliance,-0.01,0.0,True,2000,1.0,0.9980829527187469,0.9999999999999998
tie_heavy_null,allpairs_gs_pocock,nb,0.0,-4.946168474795342e-18,False,101,0.0505,0.04173547326167801,0.06098795224416838
tie_heavy_null,allpairs_gs_pocock,success,-0.03,0.0,True,1989,0.9945,0.9901779372483848,0.9969261029904561
tie_heavy_null,allpairs_gs_pocock,compliance,-0.01,0.0,True,2000,1.0,0.9980829527187469,0.9999999999999998
tie_heavy_null,allpairs_gs_hsd,nb,0.0,-4.946168474795342e-18,False,88,0.044,0.03585182041641652,0.05389652670408614
tie_heavy_null,allpairs_gs_hsd,success,-0.03,0.0,True,1995,0.9975,0.9941608466835673,0.9989316912715861
tie_heavy_null,allpairs_gs_hsd,compliance,-0.01,0.0,True,2000,1.0,0.9980829527187469,0.9999999999999998
tie_heavy_null,allpairs_asympcs,nb,0.0,-4.946168474795342e-18,False,40,0.02,0.014721726201265444,0.027118639188737373
tie_heavy_null,allpairs_asympcs,success,-0.03,0.0,True,1948,0.974,0.9660647268553368,0.9801179123220352
tie_heavy_null,allpairs_asympcs,compliance,-0.01,0.0,True,2000,1.0,0.9980829527187469,0.9999999999999998
tie_heavy_null,disjoint_gs_obf,nb,0.0,-4.946168474795342e-18,False,89,0.0445,0.03630266512840682,0.054443764944814586
tie_heavy_null,disjoint_gs_obf,success,-0.03,0.0,True,1996,0.998,0.994868648214923,0.9992219726929489
tie_heavy_null,disjoint_gs_obf,compliance,-0.01,0.0,True,2000,1.0,0.9980829527187469,0.9999999999999998
tie_heavy_null,disjoint_betting,nb,0.0,-4.946168474795342e-18,False,21,0.0105,0.006877887380873443,0.015998901907473176
tie_heavy_null,disjoint_betting,success,-0.03,0.0,True,1910,0.955,0.9450093040187729,0.9632461829552866
tie_heavy_null,disjoint_betting,compliance,-0.01,0.0,True,2000,1.0,0.9980829527187469,0.9999999999999998
tie_heavy_efficiency,allpairs_fixed_wald,nb,0.0,0.057998043733088485,True,2000,1.0,0.9980829527187469,0.9999999999999998
tie_heavy_efficiency,allpairs_fixed_wald,success,-0.03,0.0,True,2000,1.0,0.9980829527187469,0.9999999999999998
tie_heavy_efficiency,allpairs_fixed_wald,compliance,-0.01,0.0,True,2000,1.0,0.9980829527187469,0.9999999999999998
tie_heavy_efficiency,allpairs_gs_obf,nb,0.0,0.057998043733088485,True,2000,1.0,0.9980829527187469,0.9999999999999998
tie_heavy_efficiency,allpairs_gs_obf,success,-0.03,0.0,True,1999,0.9995,0.9971731374967338,0.9999117322692944
tie_heavy_efficiency,allpairs_gs_obf,compliance,-0.01,0.0,True,2000,1.0,0.9980829527187469,0.9999999999999998
tie_heavy_efficiency,allpairs_gs_pocock,nb,0.0,0.057998043733088485,True,2000,1.0,0.9980829527187469,0.9999999999999998
tie_heavy_efficiency,allpairs_gs_pocock,success,-0.03,0.0,True,1997,0.9985,0.9955989674442294,0.9994897364163615
tie_heavy_efficiency,allpairs_gs_pocock,compliance,-0.01,0.0,True,2000,1.0,0.9980829527187469,0.9999999999999998
tie_heavy_efficiency,allpairs_gs_hsd,nb,0.0,0.057998043733088485,True,2000,1.0,0.9980829527187469,0.9999999999999998
tie_heavy_efficiency,allpairs_gs_hsd,success,-0.03,0.0,True,2000,1.0,0.9980829527187469,0.9999999999999998
tie_heavy_efficiency,allpairs_gs_hsd,compliance,-0.01,0.0,True,2000,1.0,0.9980829527187469,0.9999999999999998
tie_heavy_efficiency,allpairs_asympcs,nb,0.0,0.057998043733088485,True,2000,1.0,0.9980829527187469,0.9999999999999998
tie_heavy_efficiency,allpairs_asympcs,success,-0.03,0.0,True,1932,0.966,0.9571215720934327,0.9730917398404393
tie_heavy_efficiency,allpairs_asympcs,compliance,-0.01,0.0,True,2000,1.0,0.9980829527187469,0.9999999999999998
tie_heavy_efficiency,disjoint_gs_obf,nb,0.0,0.057998043733088485,True,2000,1.0,0.9980829527187469,0.9999999999999998
tie_heavy_efficiency,disjoint_gs_obf,success,-0.03,0.0,True,1999,0.9995,0.9971731374967338,0.9999117322692944
tie_heavy_efficiency,disjoint_gs_obf,compliance,-0.01,0.0,True,2000,1.0,0.9980829527187469,0.9999999999999998
tie_heavy_efficiency,disjoint_betting,nb,0.0,0.057998043733088485,True,2000,1.0,0.9980829527187469,0.9999999999999998
tie_heavy_efficiency,disjoint_betting,success,-0.03,0.0,True,1875,0.9375,0.9260297152353917,0.9472928683935119
tie_heavy_efficiency,disjoint_betting,compliance,-0.01,0.0,True,2000,1.0,0.9980829527187469,0.9999999999999998
