scenario,method,calendar_tick,deployments,replicates,deployment_rate,ci_lower,ci_upper
identical_outcomes,naive_completed_only,1,0,1000,0.0,2.168404344971009e-19,0.0038267584855551234
identical_outcomes,naive_completed_only,2,0,1000,0.0,2.168404344971009e-19,0.0038267584855551234
identical_outcomes,naive_completed_only,3,0,1000,0.0,2.168404344971009e-19,0.0038267584855551234
identical_outcomes,naive_completed_only,4,845,1000,0.845,0.821253161260159,0.866106375384808
identical_outcomes,naive_completed_only,5,1000,1000,1.0,0.996173241514445,1.0
identical_outcomes,naive_completed_only,6,1000,1000,1.0,0.996173241514445,1.0
identical_outcomes,naive_completed_only,7,1000,1000,1.0,0.996173241514445,1.0
identical_outcomes,naive_completed_only,8,1000,1000,1.0,0.996173241514445,1.0
identical_outcomes,naive_completed_only,9,1000,1000,1.0,0.996173241514445,1.0
identical_outcomes,naive_completed_only,10,1000,1000,1.0,0.996173241514445,1.0
identical_outcomes,naive_completed_only,11,1000,1000,1.0,0.996173241514445,1.0
identical_outcomes,naive_completed_only,12,1000,1000,1.0,0.996173241514445,1.0
identical_outcomes,naive_completed_only,13,1000,1000,1.0,0.996173241514445,1.0
identical_outcomes,naive_completed_only,14,1000,1000,1.0,0.996173241514445,1.0
identical_outcomes,naive_completed_only,15,1000,1000,1.0,0.996173241514445,1.0
identical_outcomes,naive_completed_only,16,1000,1000,1.0,0.996173241514445,1.0
identical_outcomes,naive_completed_only,17,1000,1000,1.0,0.996173241514445,1.0
identical_outcomes,naive_completed_only,18,1000,1000,1.0,0.996173241514445,1.0
identical_outcomes,naive_completed_only,19,1000,1000,1.0,0.996173241514445,1.0
identical_outcomes,naive_completed_only,20,1000,1000,1.0,0.996173241514445,1.0
identical_outcomes,naive_completed_only,21,1000,1000,1.0,0.996173241514445,1.0
identical_outcomes,naive_completed_only,22,1000,1000,1.0,0.996173241514445,1.0
identical_outcomes,naive_completed_only,23,1000,1000,1.0,0.996173241514445,1.0
identical_outcomes,naive_completed_only,24,1000,1000,1.0,0.996173241514445,1.0
identical_outcomes,naive_completed_only,25,1000,1000,1.0,0.996173241514445,1.0
identical_outcomes,naive_completed_only,26,1000,1000,1.0,0.996173241514445,1.0
identical_outcomes,naive_completed_only,27,1000,1000,1.0,0.996173241514445,1.0
identical_outcomes,naive_completed_only,28,1000,1000,1.0,0.996173241514445,1.0
identical_outcomes,naive_completed_only,29,1000,1000,1.0,0.996173241514445,1.0
identical_outcomes,naive_completed_only,30,1000,1000,1.0,0.996173241514445,1.0
identical_outcomes,naive_completed_only,31,1000,1000,1.0,0.996173241514445,1.0
identical_outcomes,naive_completed_only,32,1000,1000,1.0,0.996173241514445,1.0
identical_outcomes,naive_completed_only,33,1000,1000,1.0,0.996173241514445,1.0
identical_outcomes,naive_completed_only,34,1000,1000,1.0,0.996173241514445,1.0
identical_outcomes,naive_completed_only,35,1000,1000,1.0,0.996173241514445,1.0
identical_outcomes,naive_completed_only,36,1000,1000,1.0,0.996173241514445,1.0
identical_outcomes,naive_completed_only,37,1000,1000,1.0,0.996173241514445,1.0
identical_outcomes,naive_completed_only,38,1000,1000,1.0,0.996173241514445,1.0
identical_outcomes,naive_completed_only,39,1000,1000,1.0,0.996173241514445,1.0
identical_outcomes,naive_completed_only,40,1000,1000,1.0,0.996173241514445,1.0
identical_outcomes,naive_completed_only,41,1000,1000,1.0,0.996173241514445,1.0
identical_outcomes,naive_completed_only,42,1000,1000,1.0,0.996173241514445,1.0
identical_outcomes,naive_completed_only,43,1000,1000,1.0,0.996173241514445,1.0
identical_outcomes,naive_completed_only,44,1000,1000,1.0,0.996173241514445,1.0
identical_outcomes,naive_completed_only,45,1000,1000,1.0,0.996173241514445,1.0
identical_outcomes,naive_completed_only,46,1000,1000,1.0,0.996173241514445,1.0
identical_outcomes,naive_completed_only,47,1000,1000,1.0,0.996173241514445,1.0
identical_outcomes,naive_completed_only,48,1000,1000,1.0,0.996173241514445,1.0
identical_outcomes,naive_completed_only,49,1000,1000,1.0,0.996173241514445,1.0
identical_outcomes,naive_completed_only,50,1000,1000,1.0,0.996173241514445,1.0
identical_outcomes,naive_completed_only,51,1000,1000,1.0,0.996173241514445,1.0
identical_outcomes,naive_completed_only,52,1000,1000,1.0,0.996173241514445,1.0
identical_outcomes,naive_completed_only,53,1000,1000,1.0,0.996173241514445,1.0
identical_outcomes,naive_completed_only,54,1000,1000,1.0,0.996173241514445,1.0
identical_outcomes,naive_completed_only,55,1000,1000,1.0,0.996173241514445,1.0
identical_outcomes,naive_completed_only,56,1000,1000,1.0,0.996173241514445,1.0
identical_outcomes,naive_completed_only,57,1000,1000,1.0,0.996173241514445,1.0
identical_outcomes,naive_completed_only,58,1000,1000,1.0,0.996173241514445,1.0
identical_outcomes,naive_completed_only,59,1000,1000,1.0,0.996173241514445,1.0
identical_outcomes,naive_completed_only,60,1000,1000,1.0,0.996173241514445,1.0
identical_outcomes,naive_completed_only,61,1000,1000,1.0,0.996173241514445,1.0
identical_outcomes,naive_completed_only,62,1000,1000,1.0,0.996173241514445,1.0
identical_outcomes,naive_completed_only,63,1000,1000,1.0,0.996173241514445,1.0
identical_outcomes,naive_completed_only,64,1000,1000,1.0,0.996173241514445,1.0
identical_outcomes,naive_completed_only,65,1000,1000,1.0,0.996173241514445,1.0
identical_outcomes,naive_completed_only,66,1000,1000,1.0,0.996173241514445,1.0
identical_outcomes,naive_completed_only,67,1000,1000,1.0,0.996173241514445,1.0
identical_outcomes,naive_completed_only,68,1000,1000,1.0,0.996173241514445,1.0
identical_outcomes,naive_completed_only,69,1000,1000,1.0,0.996173241514445,1.0
identical_outcomes,naive_completed_only,70,1000,1000,1.0,0.996173241514445,1.0
identical_outcomes,naive_completed_only,71,1000,1000,1.0,0.996173241514445,1.0
identical_outcomes,naive_completed_only,72,1000,1000,1.0,0.996173241514445,1.0
identical_outcomes,naive_completed_only,73,1000,1000,1.0,0.996173241514445,1.0
identical_outcomes,naive_completed_only,74,1000,1000,1.0,0.996173241514445,1.0
identical_outcomes,naive_completed_only,75,1000,1000,1.0,0.996173241514445,1.0
identical_outcomes,naive_completed_only,76,1000,1000,1.0,0.996173241514445,1.0
identical_outcomes,naive_completed_only,77,1000,1000,1.0,0.996173241514445,1.0
identical_outcomes,naive_completed_only,78,1000,1000,1.0,0.996173241514445,1.0
identical_outcomes,naive_completed_only,79,1000,1000,1.0,0.996173241514445,1.0
identical_outcomes,naive_completed_only,80,1000,1000,1.0,0.996173241514445,1.0
identical_outcomes,complete_prefix,1,0,1000,0.0,2.168404344971009e-19,0.0038267584855551234
identical_outcomes,complete_prefix,2,0,1000,0.0,2.168404344971009e-19,0.0038267584855551234
identical_outcomes,complete_prefix,3,0,1000,0.0,2.168404344971009e-19,0.0038267584855551234
identical_outcomes,complete_prefix,4,0,1000,0.0,2.168404344971009e-19,0.0038267584855551234
identical_outcomes,complete_prefix,5,0,1000,0.0,2.168404344971009e-19,0.0038267584855551234
identical_outcomes,complete_prefix,6,0,1000,0.0,2.168404344971009e-19,0.0038267584855551234
identical_outcomes,complete_prefix,7,0,1000,0.0,2.168404344971009e-19,0.0038267584855551234
identical_outcomes,complete_prefix,8,0,1000,0.0,2.168404344971009e-19,0.0038267584855551234
identical_outcomes,complete_prefix,9,0,1000,0.0,2.168404344971009e-19,0.0038267584855551234
identical_outcomes,complete_prefix,10,0,1000,0.0,2.168404344971009e-19,0.0038267584855551234
identical_outcomes,complete_prefix,11,0,1000,0.0,2.168404344971009e-19,0.0038267584855551234
identical_outcomes,complete_prefix,12,0,1000,0.0,2.168404344971009e-19,0.0038267584855551234
identical_outcomes,complete_prefix,13,0,1000,0.0,2.168404344971009e-19,0.0038267584855551234
identical_outcomes,complete_prefix,14,0,1000,0.0,2.168404344971009e-19,0.0038267584855551234
identical_outcomes,complete_prefix,15,0,1000,0.0,2.168404344971009e-19,0.0038267584855551234
identical_outcomes,complete_prefix,16,0,1000,0.0,2.168404344971009e-19,0.0038267584855551234
identical_outcomes,complete_prefix,17,0,1000,0.0,2.168404344971009e-19,0.0038267584855551234
identical_outcomes,complete_prefix,18,0,1000,0.0,2.168404344971009e-19,0.0038267584855551234
identical_outcomes,complete_prefix,19,0,1000,0.0,2.168404344971009e-19,0.0038267584855551234
identical_outcomes,complete_prefix,20,0,1000,0.0,2.168404344971009e-19,0.0038267584855551234
identical_outcomes,complete_prefix,21,0,1000,0.0,2.168404344971009e-19,0.0038267584855551234
identical_outcomes,complete_prefix,22,0,1000,0.0,2.168404344971009e-19,0.0038267584855551234
identical_outcomes,complete_prefix,23,1,1000,0.001,0.00017654637062607809,0.0056425585979579355
identical_outcomes,complete_prefix,24,1,1000,0.001,0.00017654637062607809,0.0056425585979579355
identical_outcomes,complete_prefix,25,1,1000,0.001,0.00017654637062607809,0.0056425585979579355
identical_outcomes,complete_prefix,26,1,1000,0.001,0.00017654637062607809,0.0056425585979579355
identical_outcomes,complete_prefix,27,1,1000,0.001,0.00017654637062607809,0.0056425585979579355
identical_outcomes,complete_prefix,28,1,1000,0.001,0.00017654637062607809,0.0056425585979579355
identical_outcomes,complete_prefix,29,2,1000,0.002,0.000548643588120728,0.007262807863492177
identical_outcomes,complete_prefix,30,3,1000,0.003,0.0010207838811386186,0.008783014053503173
identical_outcomes,complete_prefix,31,3,1000,0.003,0.0010207838811386186,0.008783014053503173
identical_outcomes,complete_prefix,32,3,1000,0.003,0.0010207838811386186,0.008783014053503173
identical_outcomes,complete_prefix,33,3,1000,0.003,0.0010207838811386186,0.008783014053503173
identical_outcomes,complete_prefix,34,3,1000,0.003,0.0010207838811386186,0.008783014053503173
identical_outcomes,complete_prefix,35,3,1000,0.003,0.0010207838811386186,0.008783014053503173
identical_outcomes,complete_prefix,36,3,1000,0.003,0.0010207838811386186,0.008783014053503173
identical_outcomes,complete_prefix,37,3,1000,0.003,0.0010207838811386186,0.008783014053503173
identical_outcomes,complete_prefix,38,3,1000,0.003,0.0010207838811386186,0.008783014053503173
identical_outcomes,complete_prefix,39,3,1000,0.003,0.0010207838811386186,0.008783014053503173
identical_outcomes,complete_prefix,40,3,1000,0.003,0.0010207838811386186,0.008783014053503173
identical_outcomes,complete_prefix,41,3,1000,0.003,0.0010207838811386186,0.008783014053503173
identical_outcomes,complete_prefix,42,3,1000,0.003,0.0010207838811386186,0.008783014053503173
identical_outcomes,complete_prefix,43,3,1000,0.003,0.0010207838811386186,0.008783014053503173
identical_outcomes,complete_prefix,44,3,1000,0.003,0.0010207838811386186,0.008783014053503173
identical_outcomes,complete_prefix,45,3,1000,0.003,0.0010207838811386186,0.008783014053503173
identical_outcomes,complete_prefix,46,3,1000,0.003,0.0010207838811386186,0.008783014053503173
identical_outcomes,complete_prefix,47,4,1000,0.004,0.0015565881404084308,0.010239556277262253
identical_outcomes,complete_prefix,48,4,1000,0.004,0.0015565881404084308,0.010239556277262253
identical_outcomes,complete_prefix,49,4,1000,0.004,0.0015565881404084308,0.010239556277262253
identical_outcomes,complete_prefix,50,4,1000,0.004,0.0015565881404084308,0.010239556277262253
identical_outcomes,complete_prefix,51,4,1000,0.004,0.0015565881404084308,0.010239556277262253
identical_outcomes,complete_prefix,52,4,1000,0.004,0.0015565881404084308,0.010239556277262253
identical_outcomes,complete_prefix,53,4,1000,0.004,0.0015565881404084308,0.010239556277262253
identical_outcomes,complete_prefix,54,5,1000,0.005,0.0021375355273244596,0.011650955373375113
identical_outcomes,complete_prefix,55,5,1000,0.005,0.0021375355273244596,0.011650955373375113
identical_outcomes,complete_prefix,56,5,1000,0.005,0.0021375355273244596,0.011650955373375113
identical_outcomes,complete_prefix,57,5,1000,0.005,0.0021375355273244596,0.011650955373375113
identical_outcomes,complete_prefix,58,5,1000,0.005,0.0021375355273244596,0.011650955373375113
identical_outcomes,complete_prefix,59,5,1000,0.005,0.0021375355273244596,0.011650955373375113
identical_outcomes,complete_prefix,60,6,1000,0.006,0.0027526691418763745,0.01302816824185209
identical_outcomes,complete_prefix,61,6,1000,0.006,0.0027526691418763745,0.01302816824185209
identical_outcomes,complete_prefix,62,6,1000,0.006,0.0027526691418763745,0.01302816824185209
identical_outcomes,complete_prefix,63,6,1000,0.006,0.0027526691418763745,0.01302816824185209
identical_outcomes,complete_prefix,64,6,1000,0.006,0.0027526691418763745,0.01302816824185209
identical_outcomes,complete_prefix,65,6,1000,0.006,0.0027526691418763745,0.01302816824185209
identical_outcomes,complete_prefix,66,6,1000,0.006,0.0027526691418763745,0.01302816824185209
identical_outcomes,complete_prefix,67,6,1000,0.006,0.0027526691418763745,0.01302816824185209
identical_outcomes,complete_prefix,68,6,1000,0.006,0.0027526691418763745,0.01302816824185209
identical_outcomes,complete_prefix,69,6,1000,0.006,0.0027526691418763745,0.01302816824185209
identical_outcomes,complete_prefix,70,6,1000,0.006,0.0027526691418763745,0.01302816824185209
identical_outcomes,complete_prefix,71,6,1000,0.006,0.0027526691418763745,0.01302816824185209
identical_outcomes,complete_prefix,72,6,1000,0.006,0.0027526691418763745,0.01302816824185209
identical_outcomes,complete_prefix,73,6,1000,0.006,0.0027526691418763745,0.01302816824185209
identical_outcomes,complete_prefix,74,6,1000,0.006,0.0027526691418763745,0.01302816824185209
identical_outcomes,complete_prefix,75,6,1000,0.006,0.0027526691418763745,0.01302816824185209
identical_outcomes,complete_prefix,76,6,1000,0.006,0.0027526691418763745,0.01302816824185209
identical_outcomes,complete_prefix,77,6,1000,0.006,0.0027526691418763745,0.01302816824185209
identical_outcomes,complete_prefix,78,6,1000,0.006,0.0027526691418763745,0.01302816824185209
identical_outcomes,complete_prefix,79,6,1000,0.006,0.0027526691418763745,0.01302816824185209
identical_outcomes,complete_prefix,80,6,1000,0.006,0.0027526691418763745,0.01302816824185209
identical_outcomes,partial_prefix_envelope,1,0,1000,0.0,2.168404344971009e-19,0.0038267584855551234
identical_outcomes,partial_prefix_envelope,2,0,1000,0.0,2.168404344971009e-19,0.0038267584855551234
identical_outcomes,partial_prefix_envelope,3,0,1000,0.0,2.168404344971009e-19,0.0038267584855551234
identical_outcomes,partial_prefix_envelope,4,0,1000,0.0,2.168404344971009e-19,0.0038267584855551234
identical_outcomes,partial_prefix_envelope,5,0,1000,0.0,2.168404344971009e-19,0.0038267584855551234
identical_outcomes,partial_prefix_envelope,6,0,1000,0.0,2.168404344971009e-19,0.0038267584855551234
identical_outcomes,partial_prefix_envelope,7,0,1000,0.0,2.168404344971009e-19,0.0038267584855551234
identical_outcomes,partial_prefix_envelope,8,0,1000,0.0,2.168404344971009e-19,0.0038267584855551234
identical_outcomes,partial_prefix_envelope,9,0,1000,0.0,2.168404344971009e-19,0.0038267584855551234
identical_outcomes,partial_prefix_envelope,10,0,1000,0.0,2.168404344971009e-19,0.0038267584855551234
identical_outcomes,partial_prefix_envelope,11,0,1000,0.0,2.168404344971009e-19,0.0038267584855551234
identical_outcomes,partial_prefix_envelope,12,0,1000,0.0,2.168404344971009e-19,0.0038267584855551234
identical_outcomes,partial_prefix_envelope,13,0,1000,0.0,2.168404344971009e-19,0.0038267584855551234
identical_outcomes,partial_prefix_envelope,14,0,1000,0.0,2.168404344971009e-19,0.0038267584855551234
identical_outcomes,partial_prefix_envelope,15,0,1000,0.0,2.168404344971009e-19,0.0038267584855551234
identical_outcomes,partial_prefix_envelope,16,0,1000,0.0,2.168404344971009e-19,0.0038267584855551234
identical_outcomes,partial_prefix_envelope,17,0,1000,0.0,2.168404344971009e-19,0.0038267584855551234
identical_outcomes,partial_prefix_envelope,18,0,1000,0.0,2.168404344971009e-19,0.0038267584855551234
identical_outcomes,partial_prefix_envelope,19,0,1000,0.0,2.168404344971009e-19,0.0038267584855551234
identical_outcomes,partial_prefix_envelope,20,0,1000,0.0,2.168404344971009e-19,0.0038267584855551234
identical_outcomes,partial_prefix_envelope,21,0,1000,0.0,2.168404344971009e-19,0.0038267584855551234
identical_outcomes,partial_prefix_envelope,22,0,1000,0.0,2.168404344971009e-19,0.0038267584855551234
identical_outcomes,partial_prefix_envelope,23,1,1000,0.001,0.00017654637062607809,0.0056425585979579355
identical_outcomes,partial_prefix_envelope,24,1,1000,0.001,0.00017654637062607809,0.0056425585979579355
identical_outcomes,partial_prefix_envelope,25,1,1000,0.001,0.00017654637062607809,0.0056425585979579355
identical_outcomes,partial_prefix_envelope,26,1,1000,0.001,0.00017654637062607809,0.0056425585979579355
identical_outcomes,partial_prefix_envelope,27,1,1000,0.001,0.00017654637062607809,0.0056425585979579355
identical_outcomes,partial_prefix_envelope,28,1,1000,0.001,0.00017654637062607809,0.0056425585979579355
identical_outcomes,partial_prefix_envelope,29,2,1000,0.002,0.000548643588120728,0.007262807863492177
identical_outcomes,partial_prefix_envelope,30,3,1000,0.003,0.0010207838811386186,0.008783014053503173
identical_outcomes,partial_prefix_envelope,31,3,1000,0.003,0.0010207838811386186,0.008783014053503173
identical_outcomes,partial_prefix_envelope,32,3,1000,0.003,0.0010207838811386186,0.008783014053503173
identical_outcomes,partial_prefix_envelope,33,3,1000,0.003,0.0010207838811386186,0.008783014053503173
identical_outcomes,partial_prefix_envelope,34,3,1000,0.003,0.0010207838811386186,0.008783014053503173
identical_outcomes,partial_prefix_envelope,35,3,1000,0.003,0.0010207838811386186,0.008783014053503173
identical_outcomes,partial_prefix_envelope,36,3,1000,0.003,0.0010207838811386186,0.008783014053503173
identical_outcomes,partial_prefix_envelope,37,3,1000,0.003,0.0010207838811386186,0.008783014053503173
identical_outcomes,partial_prefix_envelope,38,3,1000,0.003,0.0010207838811386186,0.008783014053503173
identical_outcomes,partial_prefix_envelope,39,3,1000,0.003,0.0010207838811386186,0.008783014053503173
identical_outcomes,partial_prefix_envelope,40,3,1000,0.003,0.0010207838811386186,0.008783014053503173
identical_outcomes,partial_prefix_envelope,41,3,1000,0.003,0.0010207838811386186,0.008783014053503173
identical_outcomes,partial_prefix_envelope,42,3,1000,0.003,0.0010207838811386186,0.008783014053503173
identical_outcomes,partial_prefix_envelope,43,3,1000,0.003,0.0010207838811386186,0.008783014053503173
identical_outcomes,partial_prefix_envelope,44,3,1000,0.003,0.0010207838811386186,0.008783014053503173
identical_outcomes,partial_prefix_envelope,45,3,1000,0.003,0.0010207838811386186,0.008783014053503173
identical_outcomes,partial_prefix_envelope,46,3,1000,0.003,0.0010207838811386186,0.008783014053503173
identical_outcomes,partial_prefix_envelope,47,4,1000,0.004,0.0015565881404084308,0.010239556277262253
identical_outcomes,partial_prefix_envelope,48,4,1000,0.004,0.0015565881404084308,0.010239556277262253
identical_outcomes,partial_prefix_envelope,49,4,1000,0.004,0.0015565881404084308,0.010239556277262253
identical_outcomes,partial_prefix_envelope,50,4,1000,0.004,0.0015565881404084308,0.010239556277262253
identical_outcomes,partial_prefix_envelope,51,4,1000,0.004,0.0015565881404084308,0.010239556277262253
identical_outcomes,partial_prefix_envelope,52,4,1000,0.004,0.0015565881404084308,0.010239556277262253
identical_outcomes,partial_prefix_envelope,53,4,1000,0.004,0.0015565881404084308,0.010239556277262253
identical_outcomes,partial_prefix_envelope,54,5,1000,0.005,0.0021375355273244596,0.011650955373375113
identical_outcomes,partial_prefix_envelope,55,5,1000,0.005,0.0021375355273244596,0.011650955373375113
identical_outcomes,partial_prefix_envelope,56,5,1000,0.005,0.0021375355273244596,0.011650955373375113
identical_outcomes,partial_prefix_envelope,57,5,1000,0.005,0.0021375355273244596,0.011650955373375113
identical_outcomes,partial_prefix_envelope,58,5,1000,0.005,0.0021375355273244596,0.011650955373375113
identical_outcomes,partial_prefix_envelope,59,5,1000,0.005,0.0021375355273244596,0.011650955373375113
identical_outcomes,partial_prefix_envelope,60,6,1000,0.006,0.0027526691418763745,0.01302816824185209
identical_outcomes,partial_prefix_envelope,61,6,1000,0.006,0.0027526691418763745,0.01302816824185209
identical_outcomes,partial_prefix_envelope,62,6,1000,0.006,0.0027526691418763745,0.01302816824185209
identical_outcomes,partial_prefix_envelope,63,6,1000,0.006,0.0027526691418763745,0.01302816824185209
identical_outcomes,partial_prefix_envelope,64,6,1000,0.006,0.0027526691418763745,0.01302816824185209
identical_outcomes,partial_prefix_envelope,65,6,1000,0.006,0.0027526691418763745,0.01302816824185209
identical_outcomes,partial_prefix_envelope,66,6,1000,0.006,0.0027526691418763745,0.01302816824185209
identical_outcomes,partial_prefix_envelope,67,6,1000,0.006,0.0027526691418763745,0.01302816824185209
identical_outcomes,partial_prefix_envelope,68,6,1000,0.006,0.0027526691418763745,0.01302816824185209
identical_outcomes,partial_prefix_envelope,69,6,1000,0.006,0.0027526691418763745,0.01302816824185209
identical_outcomes,partial_prefix_envelope,70,6,1000,0.006,0.0027526691418763745,0.01302816824185209
identical_outcomes,partial_prefix_envelope,71,6,1000,0.006,0.0027526691418763745,0.01302816824185209
identical_outcomes,partial_prefix_envelope,72,6,1000,0.006,0.0027526691418763745,0.01302816824185209
identical_outcomes,partial_prefix_envelope,73,6,1000,0.006,0.0027526691418763745,0.01302816824185209
identical_outcomes,partial_prefix_envelope,74,6,1000,0.006,0.0027526691418763745,0.01302816824185209
identical_outcomes,partial_prefix_envelope,75,6,1000,0.006,0.0027526691418763745,0.01302816824185209
identical_outcomes,partial_prefix_envelope,76,6,1000,0.006,0.0027526691418763745,0.01302816824185209
identical_outcomes,partial_prefix_envelope,77,6,1000,0.006,0.0027526691418763745,0.01302816824185209
identical_outcomes,partial_prefix_envelope,78,6,1000,0.006,0.0027526691418763745,0.01302816824185209
identical_outcomes,partial_prefix_envelope,79,6,1000,0.006,0.0027526691418763745,0.01302816824185209
identical_outcomes,partial_prefix_envelope,80,6,1000,0.006,0.0027526691418763745,0.01302816824185209
cheaper_equal_success,naive_completed_only,1,0,1000,0.0,2.168404344971009e-19,0.0038267584855551234
cheaper_equal_success,naive_completed_only,2,0,1000,0.0,2.168404344971009e-19,0.0038267584855551234
cheaper_equal_success,naive_completed_only,3,42,1000,0.042,0.031220885546165447,0.056284425226603055
cheaper_equal_success,naive_completed_only,4,1000,1000,1.0,0.996173241514445,1.0
cheaper_equal_success,naive_completed_only,5,1000,1000,1.0,0.996173241514445,1.0
cheaper_equal_success,naive_completed_only,6,1000,1000,1.0,0.996173241514445,1.0
cheaper_equal_success,naive_completed_only,7,1000,1000,1.0,0.996173241514445,1.0
cheaper_equal_success,naive_completed_only,8,1000,1000,1.0,0.996173241514445,1.0
cheaper_equal_success,naive_completed_only,9,1000,1000,1.0,0.996173241514445,1.0
cheaper_equal_success,naive_completed_only,10,1000,1000,1.0,0.996173241514445,1.0
cheaper_equal_success,naive_completed_only,11,1000,1000,1.0,0.996173241514445,1.0
cheaper_equal_success,naive_completed_only,12,1000,1000,1.0,0.996173241514445,1.0
cheaper_equal_success,naive_completed_only,13,1000,1000,1.0,0.996173241514445,1.0
cheaper_equal_success,naive_completed_only,14,1000,1000,1.0,0.996173241514445,1.0
cheaper_equal_success,naive_completed_only,15,1000,1000,1.0,0.996173241514445,1.0
cheaper_equal_success,naive_completed_only,16,1000,1000,1.0,0.996173241514445,1.0
cheaper_equal_success,naive_completed_only,17,1000,1000,1.0,0.996173241514445,1.0
cheaper_equal_success,naive_completed_only,18,1000,1000,1.0,0.996173241514445,1.0
cheaper_equal_success,naive_completed_only,19,1000,1000,1.0,0.996173241514445,1.0
cheaper_equal_success,naive_completed_only,20,1000,1000,1.0,0.996173241514445,1.0
cheaper_equal_success,naive_completed_only,21,1000,1000,1.0,0.996173241514445,1.0
cheaper_equal_success,naive_completed_only,22,1000,1000,1.0,0.996173241514445,1.0
cheaper_equal_success,naive_completed_only,23,1000,1000,1.0,0.996173241514445,1.0
cheaper_equal_success,naive_completed_only,24,1000,1000,1.0,0.996173241514445,1.0
cheaper_equal_success,naive_completed_only,25,1000,1000,1.0,0.996173241514445,1.0
cheaper_equal_success,naive_completed_only,26,1000,1000,1.0,0.996173241514445,1.0
cheaper_equal_success,naive_completed_only,27,1000,1000,1.0,0.996173241514445,1.0
cheaper_equal_success,naive_completed_only,28,1000,1000,1.0,0.996173241514445,1.0
cheaper_equal_success,naive_completed_only,29,1000,1000,1.0,0.996173241514445,1.0
cheaper_equal_success,naive_completed_only,30,1000,1000,1.0,0.996173241514445,1.0
cheaper_equal_success,naive_completed_only,31,1000,1000,1.0,0.996173241514445,1.0
cheaper_equal_success,naive_completed_only,32,1000,1000,1.0,0.996173241514445,1.0
cheaper_equal_success,naive_completed_only,33,1000,1000,1.0,0.996173241514445,1.0
cheaper_equal_success,naive_completed_only,34,1000,1000,1.0,0.996173241514445,1.0
cheaper_equal_success,naive_completed_only,35,1000,1000,1.0,0.996173241514445,1.0
cheaper_equal_success,naive_completed_only,36,1000,1000,1.0,0.996173241514445,1.0
cheaper_equal_success,naive_completed_only,37,1000,1000,1.0,0.996173241514445,1.0
cheaper_equal_success,naive_completed_only,38,1000,1000,1.0,0.996173241514445,1.0
cheaper_equal_success,naive_completed_only,39,1000,1000,1.0,0.996173241514445,1.0
cheaper_equal_success,naive_completed_only,40,1000,1000,1.0,0.996173241514445,1.0
cheaper_equal_success,naive_completed_only,41,1000,1000,1.0,0.996173241514445,1.0
cheaper_equal_success,naive_completed_only,42,1000,1000,1.0,0.996173241514445,1.0
cheaper_equal_success,naive_completed_only,43,1000,1000,1.0,0.996173241514445,1.0
cheaper_equal_success,naive_completed_only,44,1000,1000,1.0,0.996173241514445,1.0
cheaper_equal_success,naive_completed_only,45,1000,1000,1.0,0.996173241514445,1.0
cheaper_equal_success,naive_completed_only,46,1000,1000,1.0,0.996173241514445,1.0
cheaper_equal_success,naive_completed_only,47,1000,1000,1.0,0.996173241514445,1.0
cheaper_equal_success,naive_completed_only,48,1000,1000,1.0,0.996173241514445,1.0
cheaper_equal_success,naive_completed_only,49,1000,1000,1.0,0.996173241514445,1.0
cheaper_equal_success,naive_completed_only,50,1000,1000,1.0,0.996173241514445,1.0
cheaper_equal_success,naive_completed_only,51,1000,1000,1.0,0.996173241514445,1.0
cheaper_equal_success,naive_completed_only,52,1000,1000,1.0,0.996173241514445,1.0
cheaper_equal_success,naive_completed_only,53,1000,1000,1.0,0.996173241514445,1.0
cheaper_equal_success,naive_completed_only,54,1000,1000,1.0,0.996173241514445,1.0
cheaper_equal_success,naive_completed_only,55,1000,1000,1.0,0.996173241514445,1.0
cheaper_equal_success,naive_completed_only,56,1000,1000,1.0,0.996173241514445,1.0
cheaper_equal_success,naive_completed_only,57,1000,1000,1.0,0.996173241514445,1.0
cheaper_equal_success,naive_completed_only,58,1000,1000,1.0,0.996173241514445,1.0
cheaper_equal_success,naive_completed_only,59,1000,1000,1.0,0.996173241514445,1.0
cheaper_equal_success,naive_completed_only,60,1000,1000,1.0,0.996173241514445,1.0
cheaper_equal_success,naive_completed_only,61,1000,1000,1.0,0.996173241514445,1.0
cheaper_equal_success,naive_completed_only,62,1000,1000,1.0,0.996173241514445,1.0
cheaper_equal_success,naive_completed_only,63,1000,1000,1.0,0.996173241514445,1.0
cheaper_equal_success,naive_completed_only,64,1000,1000,1.0,0.996173241514445,1.0
cheaper_equal_success,naive_completed_only,65,1000,1000,1.0,0.996173241514445,1.0
cheaper_equal_success,naive_completed_only,66,1000,1000,1.0,0.996173241514445,1.0
cheaper_equal_success,naive_completed_only,67,1000,1000,1.0,0.996173241514445,1.0
cheaper_equal_success,naive_completed_only,68,1000,1000,1.0,0.996173241514445,1.0
cheaper_equal_success,naive_completed_only,69,1000,1000,1.0,0.996173241514445,1.0
cheaper_equal_success,naive_completed_only,70,1000,1000,1.0,0.996173241514445,1.0
cheaper_equal_success,naive_completed_only,71,1000,1000,1.0,0.996173241514445,1.0
cheaper_equal_success,naive_completed_only,72,1000,1000,1.0,0.996173241514445,1.0
cheaper_equal_success,naive_completed_only,73,1000,1000,1.0,0.996173241514445,1.0
cheaper_equal_success,naive_completed_only,74,1000,1000,1.0,0.996173241514445,1.0
cheaper_equal_success,naive_completed_only,75,1000,1000,1.0,0.996173241514445,1.0
cheaper_equal_success,naive_completed_only,76,1000,1000,1.0,0.996173241514445,1.0
cheaper_equal_success,naive_completed_only,77,1000,1000,1.0,0.996173241514445,1.0
cheaper_equal_success,naive_completed_only,78,1000,1000,1.0,0.996173241514445,1.0
cheaper_equal_success,naive_completed_only,79,1000,1000,1.0,0.996173241514445,1.0
cheaper_equal_success,naive_completed_only,80,1000,1000,1.0,0.996173241514445,1.0
cheaper_equal_success,complete_prefix,1,0,1000,0.0,2.168404344971009e-19,0.0038267584855551234
cheaper_equal_success,complete_prefix,2,0,1000,0.0,2.168404344971009e-19,0.0038267584855551234
cheaper_equal_success,complete_prefix,3,0,1000,0.0,2.168404344971009e-19,0.0038267584855551234
cheaper_equal_success,complete_prefix,4,0,1000,0.0,2.168404344971009e-19,0.0038267584855551234
cheaper_equal_success,complete_prefix,5,0,1000,0.0,2.168404344971009e-19,0.0038267584855551234
cheaper_equal_success,complete_prefix,6,0,1000,0.0,2.168404344971009e-19,0.0038267584855551234
cheaper_equal_success,complete_prefix,7,0,1000,0.0,2.168404344971009e-19,0.0038267584855551234
cheaper_equal_success,complete_prefix,8,0,1000,0.0,2.168404344971009e-19,0.0038267584855551234
cheaper_equal_success,complete_prefix,9,0,1000,0.0,2.168404344971009e-19,0.0038267584855551234
cheaper_equal_success,complete_prefix,10,0,1000,0.0,2.168404344971009e-19,0.0038267584855551234
cheaper_equal_success,complete_prefix,11,0,1000,0.0,2.168404344971009e-19,0.0038267584855551234
cheaper_equal_success,complete_prefix,12,0,1000,0.0,2.168404344971009e-19,0.0038267584855551234
cheaper_equal_success,complete_prefix,13,0,1000,0.0,2.168404344971009e-19,0.0038267584855551234
cheaper_equal_success,complete_prefix,14,0,1000,0.0,2.168404344971009e-19,0.0038267584855551234
cheaper_equal_success,complete_prefix,15,0,1000,0.0,2.168404344971009e-19,0.0038267584855551234
cheaper_equal_success,complete_prefix,16,0,1000,0.0,2.168404344971009e-19,0.0038267584855551234
cheaper_equal_success,complete_prefix,17,0,1000,0.0,2.168404344971009e-19,0.0038267584855551234
cheaper_equal_success,complete_prefix,18,0,1000,0.0,2.168404344971009e-19,0.0038267584855551234
cheaper_equal_success,complete_prefix,19,0,1000,0.0,2.168404344971009e-19,0.0038267584855551234
cheaper_equal_success,complete_prefix,20,0,1000,0.0,2.168404344971009e-19,0.0038267584855551234
cheaper_equal_success,complete_prefix,21,2,1000,0.002,0.000548643588120728,0.007262807863492177
cheaper_equal_success,complete_prefix,22,13,1000,0.013,0.0076128203893510256,0.022114442375579666
cheaper_equal_success,complete_prefix,23,26,1000,0.026,0.017803938201616326,0.03782382884268993
cheaper_equal_success,complete_prefix,24,46,1000,0.046,0.03466249276326498,0.06081220394161907
cheaper_equal_success,complete_prefix,25,66,1000,0.066,0.05221235045948584,0.08310927590597601
cheaper_equal_success,complete_prefix,26,90,1000,0.09,0.07379614931508309,0.1093417926430721
cheaper_equal_success,complete_prefix,27,115,1000,0.115,0.09668343178743777,0.1362631722464397
cheaper_equal_success,complete_prefix,28,143,1000,0.143,0.12266731749770252,0.16606498806098383
cheaper_equal_success,complete_prefix,29,177,1000,0.177,0.1545933794855418,0.20187870649612683
cheaper_equal_success,complete_prefix,30,205,1000,0.205,0.18113008647590156,0.23112770103057595
cheaper_equal_success,complete_prefix,31,236,1000,0.236,0.2107233759531616,0.26329715252721153
cheaper_equal_success,complete_prefix,32,263,1000,0.263,0.23665685979107837,0.2911570237310747
cheaper_equal_success,complete_prefix,33,300,1000,0.3,0.2724068424770048,0.3291238609172172
cheaper_equal_success,complete_prefix,34,335,1000,0.335,0.30642688114062866,0.3648359491596046
cheaper_equal_success,complete_prefix,35,370,1000,0.37,0.3406266753339855,0.4003682818722588
cheaper_equal_success,complete_prefix,36,402,1000,0.402,0.3720422335603109,0.4327078111028579
cheaper_equal_success,complete_prefix,37,442,1000,0.442,0.411499555136933,0.4729443488473914
cheaper_equal_success,complete_prefix,38,475,1000,0.475,0.44420380838551404,0.5059875295387637
cheaper_equal_success,complete_prefix,39,503,1000,0.503,0.4720586747142764,0.5339183647348104
cheaper_equal_success,complete_prefix,40,532,1000,0.532,0.5010103116491519,0.5627447758077727
cheaper_equal_success,complete_prefix,41,565,1000,0.565,0.5340823279157767,0.595420193481101
cheaper_equal_success,complete_prefix,42,600,1000,0.6,0.5693094295142662,0.6299252187886226
cheaper_equal_success,complete_prefix,43,626,1000,0.626,0.5955817549893309,0.6554539018723092
cheaper_equal_success,complete_prefix,44,654,1000,0.654,0.6239780184885133,0.6828433398979359
cheaper_equal_success,complete_prefix,45,671,1000,0.671,0.6412729638759754,0.6994182847219649
cheaper_equal_success,complete_prefix,46,698,1000,0.698,0.6688303415169653,0.7256542621227547
cheaper_equal_success,complete_prefix,47,720,1000,0.72,0.6913699270789491,0.7469462991874067
cheaper_equal_success,complete_prefix,48,748,1000,0.748,0.720176639029259,0.7739252887619057
cheaper_equal_success,complete_prefix,49,769,1000,0.769,0.7418776678486424,0.7940635360861289
cheaper_equal_success,complete_prefix,50,789,1000,0.789,0.7626295063588951,0.813158627236454
cheaper_equal_success,complete_prefix,51,807,1000,0.807,0.781383383844143,0.8302669864457263
cheaper_equal_success,complete_prefix,52,829,1000,0.829,0.8044158480970535,0.8510661448194513
cheaper_equal_success,complete_prefix,53,839,1000,0.839,0.8149299903062807,0.860475467440513
cheaper_equal_success,complete_prefix,54,856,1000,0.856,0.8328762978702983,0.8763990500879865
cheaper_equal_success,complete_prefix,55,867,1000,0.867,0.8445423199288764,0.8866488393427261
cheaper_equal_success,complete_prefix,56,877,1000,0.877,0.8551887673529645,0.8959258567489271
cheaper_equal_success,complete_prefix,57,885,1000,0.885,0.8637368277535603,0.9033165682125622
cheaper_equal_success,complete_prefix,58,900,1000,0.9,0.8798480368046516,0.9170905564069044
cheaper_equal_success,complete_prefix,59,905,1000,0.905,0.8852455602057479,0.9216547654209526
cheaper_equal_success,complete_prefix,60,918,1000,0.918,0.8993527833262955,0.9334480465797805
cheaper_equal_success,complete_prefix,61,933,1000,0.933,0.9157879467581331,0.9468980803933762
cheaper_equal_success,complete_prefix,62,942,1000,0.942,0.9257504237337675,0.9548667217650018
cheaper_equal_success,complete_prefix,63,947,1000,0.947,0.9313253831625082,0.9592534947514054
cheaper_equal_success,complete_prefix,64,952,1000,0.952,0.936933911349866,0.963606698979192
cheaper_equal_success,complete_prefix,65,956,1000,0.956,0.9414482108495923,0.9670617854115815
cheaper_equal_success,complete_prefix,66,958,1000,0.958,0.9437155747733968,0.9687791144538346
cheaper_equal_success,complete_prefix,67,966,1000,0.966,0.9528648097546889,0.9755686513367737
cheaper_equal_success,complete_prefix,68,969,1000,0.969,0.9563345039877078,0.9780759965528414
cheaper_equal_success,complete_prefix,69,973,1000,0.973,0.9610012692469598,0.9813786172257051
cheaper_equal_success,complete_prefix,70,977,1000,0.977,0.9657235493377733,0.9846257230670071
cheaper_equal_success,complete_prefix,71,978,1000,0.978,0.9669143266526004,0.985427292235209
cheaper_equal_success,complete_prefix,72,981,1000,0.981,0.9705155440876868,0.9878031142492091
cheaper_equal_success,complete_prefix,73,984,1000,0.984,0.97416793978826,0.9901277579977227
cheaper_equal_success,complete_prefix,74,986,1000,0.986,0.9766379658824644,0.9916424248695761
cheaper_equal_success,complete_prefix,75,986,1000,0.986,0.9766379658824644,0.9916424248695761
cheaper_equal_success,complete_prefix,76,989,1000,0.989,0.9804106042992137,0.9938468259019134
cheaper_equal_success,complete_prefix,77,990,1000,0.99,0.9816905311296853,0.9945592455544707
cheaper_equal_success,complete_prefix,78,992,1000,0.992,0.9842936654690199,0.995940804181194
cheaper_equal_success,complete_prefix,79,992,1000,0.992,0.9842936654690199,0.995940804181194
cheaper_equal_success,complete_prefix,80,997,1000,0.997,0.9912169859464969,0.9989792161188614
cheaper_equal_success,partial_prefix_envelope,1,0,1000,0.0,2.168404344971009e-19,0.0038267584855551234
cheaper_equal_success,partial_prefix_envelope,2,0,1000,0.0,2.168404344971009e-19,0.0038267584855551234
cheaper_equal_success,partial_prefix_envelope,3,2,1000,0.002,0.000548643588120728,0.007262807863492177
cheaper_equal_success,partial_prefix_envelope,4,18,1000,0.018,0.011415740009567788,0.028273255170507345
cheaper_equal_success,partial_prefix_envelope,5,46,1000,0.046,0.03466249276326498,0.06081220394161907
cheaper_equal_success,partial_prefix_envelope,6,66,1000,0.066,0.05221235045948584,0.08310927590597601
cheaper_equal_success,partial_prefix_envelope,7,90,1000,0.09,0.07379614931508309,0.1093417926430721
cheaper_equal_success,partial_prefix_envelope,8,115,1000,0.115,0.09668343178743777,0.1362631722464397
cheaper_equal_success,partial_prefix_envelope,9,143,1000,0.143,0.12266731749770252,0.16606498806098383
cheaper_equal_success,partial_prefix_envelope,10,177,1000,0.177,0.1545933794855418,0.20187870649612683
cheaper_equal_success,partial_prefix_envelope,11,205,1000,0.205,0.18113008647590156,0.23112770103057595
cheaper_equal_success,partial_prefix_envelope,12,236,1000,0.236,0.2107233759531616,0.26329715252721153
cheaper_equal_success,partial_prefix_envelope,13,263,1000,0.263,0.23665685979107837,0.2911570237310747
cheaper_equal_success,partial_prefix_envelope,14,300,1000,0.3,0.2724068424770048,0.3291238609172172
cheaper_equal_success,partial_prefix_envelope,15,335,1000,0.335,0.30642688114062866,0.3648359491596046
cheaper_equal_success,partial_prefix_envelope,16,370,1000,0.37,0.3406266753339855,0.4003682818722588
cheaper_equal_success,partial_prefix_envelope,17,402,1000,0.402,0.3720422335603109,0.4327078111028579
cheaper_equal_success,partial_prefix_envelope,18,442,1000,0.442,0.411499555136933,0.4729443488473914
cheaper_equal_success,partial_prefix_envelope,19,475,1000,0.475,0.44420380838551404,0.5059875295387637
cheaper_equal_success,partial_prefix_envelope,20,503,1000,0.503,0.4720586747142764,0.5339183647348104
cheaper_equal_success,partial_prefix_envelope,21,532,1000,0.532,0.5010103116491519,0.5627447758077727
cheaper_equal_success,partial_prefix_envelope,22,565,1000,0.565,0.5340823279157767,0.595420193481101
cheaper_equal_success,partial_prefix_envelope,23,600,1000,0.6,0.5693094295142662,0.6299252187886226
cheaper_equal_success,partial_prefix_envelope,24,626,1000,0.626,0.5955817549893309,0.6554539018723092
cheaper_equal_success,partial_prefix_envelope,25,654,1000,0.654,0.6239780184885133,0.6828433398979359
cheaper_equal_success,partial_prefix_envelope,26,671,1000,0.671,0.6412729638759754,0.6994182847219649
cheaper_equal_success,partial_prefix_envelope,27,698,1000,0.698,0.6688303415169653,0.7256542621227547
cheaper_equal_success,partial_prefix_envelope,28,720,1000,0.72,0.6913699270789491,0.7469462991874067
cheaper_equal_success,partial_prefix_envelope,29,748,1000,0.748,0.720176639029259,0.7739252887619057
cheaper_equal_success,partial_prefix_envelope,30,769,1000,0.769,0.7418776678486424,0.7940635360861289
cheaper_equal_success,partial_prefix_envelope,31,789,1000,0.789,0.7626295063588951,0.813158627236454
cheaper_equal_success,partial_prefix_envelope,32,807,1000,0.807,0.781383383844143,0.8302669864457263
cheaper_equal_success,partial_prefix_envelope,33,829,1000,0.829,0.8044158480970535,0.8510661448194513
cheaper_equal_success,partial_prefix_envelope,34,839,1000,0.839,0.8149299903062807,0.860475467440513
cheaper_equal_success,partial_prefix_envelope,35,856,1000,0.856,0.8328762978702983,0.8763990500879865
cheaper_equal_success,partial_prefix_envelope,36,867,1000,0.867,0.8445423199288764,0.8866488393427261
cheaper_equal_success,partial_prefix_envelope,37,877,1000,0.877,0.8551887673529645,0.8959258567489271
cheaper_equal_success,partial_prefix_envelope,38,885,1000,0.885,0.8637368277535603,0.9033165682125622
cheaper_equal_success,partial_prefix_envelope,39,900,1000,0.9,0.8798480368046516,0.9170905564069044
cheaper_equal_success,partial_prefix_envelope,40,905,1000,0.905,0.8852455602057479,0.9216547654209526
cheaper_equal_success,partial_prefix_envelope,41,918,1000,0.918,0.8993527833262955,0.9334480465797805
cheaper_equal_success,partial_prefix_envelope,42,933,1000,0.933,0.9157879467581331,0.9468980803933762
cheaper_equal_success,partial_prefix_envelope,43,942,1000,0.942,0.9257504237337675,0.9548667217650018
cheaper_equal_success,partial_prefix_envelope,44,947,1000,0.947,0.9313253831625082,0.9592534947514054
cheaper_equal_success,partial_prefix_envelope,45,952,1000,0.952,0.936933911349866,0.963606698979192
cheaper_equal_success,partial_prefix_envelope,46,956,1000,0.956,0.9414482108495923,0.9670617854115815
cheaper_equal_success,partial_prefix_envelope,47,958,1000,0.958,0.9437155747733968,0.9687791144538346
cheaper_equal_success,partial_prefix_envelope,48,966,1000,0.966,0.9528648097546889,0.9755686513367737
cheaper_equal_success,partial_prefix_envelope,49,969,1000,0.969,0.9563345039877078,0.9780759965528414
cheaper_equal_success,partial_prefix_envelope,50,973,1000,0.973,0.9610012692469598,0.9813786172257051
cheaper_equal_success,partial_prefix_envelope,51,977,1000,0.977,0.9657235493377733,0.9846257230670071
cheaper_equal_success,partial_prefix_envelope,52,978,1000,0.978,0.9669143266526004,0.985427292235209
cheaper_equal_success,partial_prefix_envelope,53,981,1000,0.981,0.9705155440876868,0.9878031142492091
cheaper_equal_success,partial_prefix_envelope,54,984,1000,0.984,0.97416793978826,0.9901277579977227
cheaper_equal_success,partial_prefix_envelope,55,986,1000,0.986,0.9766379658824644,0.9916424248695761
cheaper_equal_success,partial_prefix_envelope,56,986,1000,0.986,0.9766379658824644,0.9916424248695761
cheaper_equal_success,partial_prefix_envelope,57,989,1000,0.989,0.9804106042992137,0.9938468259019134
cheaper_equal_success,partial_prefix_envelope,58,990,1000,0.99,0.9816905311296853,0.9945592455544707
cheaper_equal_success,partial_prefix_envelope,59,992,1000,0.992,0.9842936654690199,0.995940804181194
cheaper_equal_success,partial_prefix_envelope,60,992,1000,0.992,0.9842936654690199,0.995940804181194
cheaper_equal_success,partial_prefix_envelope,61,997,1000,0.997,0.9912169859464969,0.9989792161188614
cheaper_equal_success,partial_prefix_envelope,62,997,1000,0.997,0.9912169859464969,0.9989792161188614
cheaper_equal_success,partial_prefix_envelope,63,997,1000,0.997,0.9912169859464969,0.9989792161188614
cheaper_equal_success,partial_prefix_envelope,64,997,1000,0.997,0.9912169859464969,0.9989792161188614
cheaper_equal_success,partial_prefix_envelope,65,997,1000,0.997,0.9912169859464969,0.9989792161188614
cheaper_equal_success,partial_prefix_envelope,66,997,1000,0.997,0.9912169859464969,0.9989792161188614
cheaper_equal_success,partial_prefix_envelope,67,997,1000,0.997,0.9912169859464969,0.9989792161188614
cheaper_equal_success,partial_prefix_envelope,68,997,1000,0.997,0.9912169859464969,0.9989792161188614
cheaper_equal_success,partial_prefix_envelope,69,997,1000,0.997,0.9912169859464969,0.9989792161188614
cheaper_equal_success,partial_prefix_envelope,70,997,1000,0.997,0.9912169859464969,0.9989792161188614
cheaper_equal_success,partial_prefix_envelope,71,997,1000,0.997,0.9912169859464969,0.9989792161188614
cheaper_equal_success,partial_prefix_envelope,72,997,1000,0.997,0.9912169859464969,0.9989792161188614
cheaper_equal_success,partial_prefix_envelope,73,997,1000,0.997,0.9912169859464969,0.9989792161188614
cheaper_equal_success,partial_prefix_envelope,74,997,1000,0.997,0.9912169859464969,0.9989792161188614
cheaper_equal_success,partial_prefix_envelope,75,997,1000,0.997,0.9912169859464969,0.9989792161188614
cheaper_equal_success,partial_prefix_envelope,76,997,1000,0.997,0.9912169859464969,0.9989792161188614
cheaper_equal_success,partial_prefix_envelope,77,997,1000,0.997,0.9912169859464969,0.9989792161188614
cheaper_equal_success,partial_prefix_envelope,78,997,1000,0.997,0.9912169859464969,0.9989792161188614
cheaper_equal_success,partial_prefix_envelope,79,997,1000,0.997,0.9912169859464969,0.9989792161188614
cheaper_equal_success,partial_prefix_envelope,80,997,1000,0.997,0.9912169859464969,0.9989792161188614
