n,nb_hat,r1_radius,r1_nb_lo,r1_nb_hi,r2_nb_lo,r2_nb_hi,succ_diff_hat,r1_sd_lo,r1_sd_hi,r2_sd_lo,r2_sd_hi,r2_wr_lo,r2_wr_hi
1,-1.0,24.61996959125003,-1.0,1.0,-1.0,1.0,-1.0,-1.0,1.0,-1.0,1.0,0.0,inf
2,-1.0,12.380925367164851,-1.0,1.0,-1.0,1.0,-1.0,-1.0,1.0,-1.0,1.0,0.0,inf
3,-1.0,8.301040128823223,-1.0,1.0,-1.0,1.0,-0.6666666666666666,-1.0,1.0,-1.0,1.0,0.0,inf
4,-1.0,6.260946748831059,-1.0,1.0,-1.0,1.0,-0.5,-1.0,1.0,-1.0,1.0,0.0,inf
5,-1.0,5.036771762484889,-1.0,1.0,-1.0,1.0,-0.6,-1.0,1.0,-1.0,1.0,0.0,inf
6,-0.6666666666666666,4.220557316590717,-1.0,1.0,-1.0,1.0,-0.3333333333333333,-1.0,1.0,-1.0,1.0,0.0,inf
7,-0.7142857142857143,3.6374643049717923,-1.0,1.0,-1.0,1.0,-0.2857142857142857,-1.0,1.0,-1.0,1.0,0.0,inf
8,-0.75,3.2000731523141677,-1.0,1.0,-1.0,1.0,-0.25,-1.0,1.0,-1.0,1.0,0.0,inf
9,-0.7777777777777778,2.8598174087553745,-1.0,1.0,-1.0,1.0,-0.2222222222222222,-1.0,1.0,-1.0,1.0,0.0,inf
10,-0.8,2.5875571876972185,-1.0,1.0,-1.0,1.0,-0.2,-1.0,1.0,-1.0,1.0,0.0,inf
11,-0.8181818181818182,2.3647489102465418,-1.0,1.0,-1.0,0.9679628285494717,-0.2727272727272727,-1.0,1.0,-1.0,1.0,0.0,61.42748374613554
12,-0.8333333333333334,2.17903017741851,-1.0,1.0,-1.0,0.7680133506655693,-0.25,-1.0,1.0,-1.0,1.0,0.0,7.62118576968975
13,-0.8461538461538461,2.021842393615672,-1.0,1.0,-1.0,0.6053218291356013,-0.23076923076923078,-1.0,1.0,-1.0,1.0,0.0,4.067419856587783
14,-0.8571428571428571,1.8870722657455707,-1.0,1.0,-1.0,0.4704076690333229,-0.21428571428571427,-1.0,1.0,-1.0,1.0,0.0,2.7764897319214414
15,-0.7333333333333333,1.7702367026795045,-1.0,1.0,-1.0,0.5291105528672535,-0.13333333333333333,-1.0,1.0,-1.0,1.0,0.0,3.247281420677468
16,-0.75,1.6679733774037049,-1.0,0.9179733774037049,-1.0,0.4238467253744602,-0.125,-1.0,1.0,-1.0,1.0,0.0,2.4712985035099613
17,-0.7647058823529411,1.5777110907547474,-1.0,0.8130052084018062,-1.0,0.3326753640876098,-0.11764705882352941,-1.0,1.0,-1.0,0.9382421681109597,0.0,1.9970420577467953
18,-0.6666666666666666,1.4974500139013025,-1.0,0.8307833472346359,-1.0,0.3915887922048569,-0.05555555555555555,-1.0,1.0,-1.0,0.9430981278419495,0.0,2.287250422699997
19,-0.6842105263157895,1.4256113279291984,-1.0,0.7414008016134089,-1.0,0.3156387429488333,-0.10526315789473684,-1.0,1.0,-1.0,0.8412650541255349,0.0,1.9224331146648606
20,-0.7,1.360931971543979,-1.0,0.660931971543979,-1.0,0.24800520241260526,-0.1,-1.0,1.0,-0.9913149803876877,0.7930259644985198,0.0,1.6595928674194929
21,-0.6190476190476191,1.302389460852082,-1.0,0.683341841804463,-1.0,0.30292525745573495,-0.047619047619047616,-1.0,1.0,-0.9006912679899306,0.8066715810980116,0.0,1.8691327886880051
22,-0.6363636363636364,1.2491472128322665,-1.0,0.6127835764686301,-1.0,0.24422323703765872,-0.09090909090909091,-1.0,1.0,-0.9067009443586524,0.7277467792684382,0.0,1.6462840590134087
23,-0.6521739130434783,1.2005141322439703,-1.0,0.548340219200492,-1.0,0.19094111219696375,-0.08695652173913043,-1.0,1.0,-0.8639662188032399,0.6924780633138575,0.0,1.4720079467032516
24,-0.6666666666666666,1.1559143018037255,-1.0,0.4892476351370588,-1.0,0.14234625796477002,-0.125,-1.0,1.0,-0.8713894598186016,0.6255193147808313,0.0,1.3319434195599251
25,-0.6,1.114863946714772,-1.0,0.5148639467147721,-1.0,0.19366421699523928,-0.08,-1.0,1.0,-0.8027124553918839,0.6459741270542143,0.0,1.4803562512718005
26,-0.5384615384615384,1.076953715070353,-1.0,0.5384921766088145,-1.0,0.23870744613500744,-0.038461538461538464,-1.0,1.0,-0.7393568834433188,0.6642584325029299,0.0,1.6271109442043477
27,-0.5555555555555556,1.0418348959413817,-1.0,0.4862793403858261,-1.0,0.19578683376312253,-0.037037037037037035,-1.0,1.0,-0.7102795596475957,0.6378286105615123,0.0,1.4869028311965107
28,-0.5714285714285714,1.0092085907275499,-1.0,0.4377800192989785,-1.0,0.1559872095073973,-0.03571428571428571,-1.0,0.9734943050132642,-0.6834311075508595,0.6134415811726026,0.0,1.3696323355866595
29,-0.5517241379310345,0.9788171249153199,-1.0,0.42709298698428544,-1.0,0.1500211661231929,-0.034482758620689655,-1.0,0.9443343662946303,-0.6585629664618395,0.5908680763737909,0.0,1.3696323355866595
30,-0.5666666666666667,0.9504371774813313,-1.0,0.3837705108146646,-1.0,0.11457714736461641,-0.03333333333333333,-0.9837705108146646,0.917103844147998,-0.6354623744885124,0.5699120263258618,0.0,1.2700696881164633
31,-0.5806451612903226,0.9238742400859197,-1.0,0.34322907879559705,-1.0,0.08142983528875532,-0.03225806451612903,-0.9561323046020487,0.8916161755697907,-0.6139460657873463,0.5504047024634575,0.0,1.1844638173233137
32,-0.59375,0.8989581151652786,-1.0,0.30520811516527857,-1.0,0.050355741288512945,-0.03125,-0.9302081151652786,0.8677081151652786,-0.5938553912565112,0.5322001166641712,0.0,1.1100543334926831
33,-0.5454545454545454,0.8755392325499204,-1.0,0.330084687095375,-1.0,0.09163225780833853,0.0,-0.8755392325499204,0.8755392325499204,-0.5508666038513184,0.5508666038513184,0.0,1.2093417369205395
34,-0.5,0.8534856160894154,-1.0,0.3534856160894154,-1.0,0.1291404440999031,0.029411764705882353,-0.8240738513835331,0.8828973807952978,-0.5103434539016554,0.5680548618821537,0.0,1.3077140829910814
35,-0.5142857142857142,0.8326803702822385,-1.0,0.3183946559965243,-1.0,0.1002869295222419,0.02857142857142857,-0.8041089417108099,0.8612517988536671,-0.49511060033525733,0.5512620151042937,0.0,1.2307769935595403
36,-0.5,0.8130195857987004,-1.0,0.3130195857987004,-1.0,0.09731098264455795,0.027777777777777776,-0.7852418080209226,0.8407973635764782,-0.48076930228206843,0.5354451487461726,0.0,1.2307769935595403
37,-0.4864864864864865,0.794410584646995,-1.0,0.3079240981605085,-1.0,0.09450712236198217,0.02702702702702703,-0.7673835576199679,0.8214376116740221,-0.4672430318755073,0.5205209512968321,0.0,1.2307769935595403
38,-0.47368421052631576,0.7767704424165977,-1.0,0.3030862318902819,-0.9803402235633449,0.09186082450967092,0.02631578947368421,-0.7504546529429135,0.8030862318902818,-0.45446380972862244,0.5064153475196739,0.0,1.2307769935595403
39,-0.48717948717948717,0.760024737867243,-1.0,0.27284525068775584,-0.9809170839114068,0.06702299759938163,0.0,-0.760024737867243,0.760024737867243,-0.47271205484867096,0.47271205484867096,0.0,1.1627104683531944
40,-0.5,0.7441064900780697,-1.0,0.24410649007806973,-0.9814610481262207,0.04338259994983673,-0.025,-0.7691064900780697,0.7191064900780697,-0.48973154127597807,0.440620844438672,0.0,1.102051173302455
41,-0.5121951219512195,0.7289552511345186,-1.0,0.21676012918329912,-0.9819748503405874,0.02085132497112925,-0.024390243902439025,-0.7533454950369577,0.7045650072320796,-0.47754374364527263,0.4295623993001332,0.0,1.047641495200105
42,-0.5238095238095238,0.7145163284300781,-1.0,0.19070680462055423,-0.9824609288147517,-0.0006504740033831088,-0.047619047619047616,-0.7621353760491256,0.6668972808110305,-0.49345453864052186,0.39997467398643494,0.0,0.9985534321659806
43,-0.4883720930232558,0.7007401154828344,-1.0,0.21236802245957864,-0.9452893699324408,0.031718032304630744,-0.023255813953488372,-0.7239959294363228,0.677484301529346,-0.4636469344760096,0.41810285490612653,0.0,1.0728813005587161
44,-0.5,0.6875815140031528,-1.0,0.18758151400315282,-0.9466961845755577,0.011168934404850006,-0.022727272727272728,-0.7103087867304255,0.6648542412758801,-0.4529804539951412,0.40840929746627813,0.0,1.0250099097903091
45,-0.4666666666666667,0.6749994330179118,-1.0,0.2083327663512451,-0.9119529326756795,0.04132238030433656,-0.022222222222222223,-0.697221655240134,0.6527772107956895,-0.4427994211514791,0.39915942682160277,0.0027831054297086702,1.095427024349789
46,-0.4782608695652174,0.6629563533253332,-1.0,0.1846954837601158,-0.914116452569547,0.021642751019933938,-0.021739130434782608,-0.6846954837601158,0.6412172228905506,-0.4330711889526118,0.39032328452752985,0.0027082959859123226,1.0487604727536046
47,-0.44680851063829785,0.6514179475503564,-1.0,0.20460943691205857,-0.8815220835361073,0.04986457368160817,-0.02127659574468085,-0.6726945432950373,0.6301413518056755,-0.423765959257775,0.381873496035312,0.021790649950621913,1.1156679321293577
48,-0.4583333333333333,0.6403527476921794,-1.0,0.1820194143588461,-0.8843096240113179,0.030981399118900327,-0.020833333333333332,-0.6611860810255128,0.619519414358846,-0.41485650930553675,0.3737851191932956,0.02122176522159299,1.0701825831844545
49,-0.46938775510204084,0.6297318533794022,-1.0,0.16034409827736135,-0.886968728230924,0.012816913273869697,-0.02040816326530612,-0.6501400166447083,0.609323690114096,-0.40631790063819107,0.3660352820036362,0.02068184849196827,1.0283949144222895
50,-0.48,0.6195286751337413,-1.0,0.13952867513374134,-0.8895080786943437,-0.004671440124511707,-0.02,-0.6395286751337413,0.5995286751337413,-0.39812730222940446,0.3586030507087708,0.020168740258363085,0.9898655467273371
51,-0.49019607843137253,0.6097187078372447,-1.0,0.11952262940587216,-0.8919356161472844,-0.02152292167439181,-0.0196078431372549,-0.6293265509744996,0.5901108646999897,-0.3902637093674903,0.3514691474390965,0.019680487896993146,0.9542223062568705
52,-0.4807692307692308,0.600279330337178,-1.0,0.11951009956794717,-0.8761719109920356,-0.02109467066251317,-0.019230769230769232,-0.6195100995679472,0.5810485611064087,-0.3827077482755367,0.34461586693158514,0.019680487896993146,0.9542223062568705
53,-0.49056603773584906,0.5911896277364629,-1.0,0.10062359000061383,-0.8787862326738969,-0.03703577507216975,-0.018867924528301886,-0.6100575522647648,0.572321703208161,-0.37544161081314087,0.3380268576010218,0.01921533059759396,0.9211477625119368
54,-0.5,0.582430233428972,-1.0,0.08243023342897204,-0.8812921941280365,-0.052431538701057434,-0.018518518518518517,-0.6009487519474905,0.5639117149104536,-0.3684487980273035,0.33168704035105534,0.01877166882336742,0.8903695069560452
55,-0.509090909090909,0.5739831883667197,-1.0,0.06489227927581065,-0.8836964301087639,-0.06731113276698372,-0.01818181818181818,-0.5921650065485379,0.5558013701849015,-0.36171409650282427,0.3255824522538618,0.018348037555226997,0.8616525292028264
56,-0.5178571428571429,0.5658318154049837,-1.0,0.047974672547840824,-0.8860050080610172,-0.081701595602291,-0.017857142857142856,-0.5836889582621266,0.5479746725478408,-0.35522334916251047,0.3197001820164068,0.01794311608692287,0.8347929346112585
57,-0.5263157894736842,0.5579606068737029,-1.0,0.03164481740001868,-0.8882235484687906,-0.09562812510289642,-0.017543859649122806,-0.5755044665228257,0.54041674722458,-0.34896344469304674,0.31402821499004696,0.01755569093082744,0.8096129894175218
58,-0.5344827586206896,0.5503551237788924,-1.0,0.015872365158202784,-0.8903572217657647,-0.10911414797963764,-0.034482758620689655,-0.584837882399582,0.5158723651582028,-0.3632988826981906,0.2947659667195945,0.017184648664068058,0.7859569731573518
59,-0.5423728813559322,0.5430019052542646,-1.0,0.0006290238983324148,-0.8924108205710428,-0.12218149814565303,-0.03389830508474576,-0.5769002103390104,0.5091036001695188,-0.3571500889325545,0.28971199640783213,0.0168289727218018,0.7636880479127043
60,-0.55,0.5358883870672124,-1.0,-0.01411161293278762,-0.894388771057129,-0.13485054373741154,-0.03333333333333333,-0.5692217204005457,0.5025550537338791,-0.3512078682581584,0.2848295345902443,0.01648772822258746,0.742685282548002
61,-0.5573770491803278,0.5290028281401474,-1.0,-0.028374221040180392,-0.8962951893689202,-0.1471403512309809,-0.03278688524590164,-0.5617897133860491,0.4962159428942458,-0.34546192649935115,0.28010994708928905,0.01616005148865033,0.7228415314224331
62,-0.5645161290322581,0.522334244182247,-1.0,-0.042181884850011064,-0.898133887158286,-0.15906869932528467,-0.03225806451612903,-0.5545923086983761,0.49007617966611805,-0.3399026076639853,0.275545181766633,0.015845152568046344,0.7040614087364216
63,-0.5714285714285714,0.5158723476415805,-1.0,-0.05555622378699088,-0.8999084276812417,-0.17065231076308662,-0.031746031746031744,-0.5476183793876123,0.4841263158955488,-0.3345209409793217,0.27112768921587205,0.015542294161864641,0.6862599138389772
64,-0.578125,0.5096074932863347,-1.0,-0.0685175067136653,-0.9016221011988819,-0.18190679023973644,-0.046875,-0.5564824932863347,0.4627324932863347,-0.3477308105211705,0.254293946782127,0.015250801394559628,0.6693607735019926
65,-0.5846153846153846,0.503530628808942,-1.0,-0.0810847558064427,-0.903278001684409,-0.19284680141852456,-0.046153846153846156,-0.549684474962788,0.4573767826550958,-0.3424218278664809,0.2503407441652738,0.014970042426241599,0.6532956522812369
66,-0.5909090909090909,0.49763324992038943,-1.0,-0.09327584098870151,-0.9048790051178498,-0.20348618111827158,-0.045454545454545456,-0.5430877953749349,0.45217870446584396,-0.33727395873178134,0.2465092268857089,0.01469943869457903,0.6380028831621113
67,-0.5970149253731343,0.49190735946559877,-1.0,-0.1051075659075355,-0.906427797764095,-0.2138378689093376,-0.04477611940298507,-0.5366834788685838,0.4471312400626137,-0.33227997395529685,0.2427938553824353,0.014438449643890388,0.6234268591682678
68,-0.5882352941176471,0.48634543014595233,-1.0,-0.10188986397169475,-0.8944832901744282,-0.21054548288092897,-0.04411764705882353,-0.5304630772047758,0.4422277830871288,-0.32743298218530764,0.23918938987395344,0.014438449643890388,0.6234268591682678
69,-0.5942028985507246,0.4809403704830333,-1.0,-0.11326252806769133,-0.8961509664853412,-0.22051332307898477,-0.057971014492753624,-0.538911384975787,0.4229693559902797,-0.33975626377091894,0.2239960397499195,0.01418656697795559,0.6095171851711326
70,-0.6,0.4756854936994687,-1.0,-0.12431450630053126,-0.897766673564911,-0.23022391796112063,-0.05714285714285714,-0.5328283508423258,0.41854263655661156,-0.33496368357113415,0.22076389534132818,0.013943325262710308,0.5962281425273781
71,-0.6056338028169014,0.4705744892292838,-1.0,-0.13505931358761758,-0.8993328012211222,-0.23968765853156504,-0.056338028169014086,-0.5269125173982979,0.41423646106026973,-0.3303056363488587,0.2176241385684886,0.01370828560460754,0.5835181537566523
72,-0.5972222222222222,0.46560139660212596,-1.0,-0.13162082562009625,-0.8881767870237429,-0.2361941465901004,-0.05555555555555555,-0.5211569521576815,0.4100458410465704,-0.3257765356037352,0.2145728402667575,0.01370828560460754,0.5835181537566523
73,-0.6027397260273972,0.46076058147373905,-1.0,-0.14197914455365818,-0.8898424785839367,-0.24533272381514715,-0.0547945205479452,-0.5155551020216842,0.40596606092579385,-0.32137102031544473,0.21160629024244337,0.013481041260990097,0.5713493052029495
74,-0.6081081081081081,0.4560467135996707,-1.0,-0.15206139450843742,-0.8914591921745119,-0.25424893965592255,-0.06756756756756757,-0.5236142811672383,0.3884791460321031,-0.33291604188648427,0.19777469457806768,0.01326121268414734,0.5596869498855278
75,-0.6133333333333333,0.45145474657084994,-1.0,-0.16187858676248335,-0.8930290655295056,-0.26295128484567004,-0.06666666666666667,-0.5181214132375166,0.3847880799041833,-0.3285518884658811,0.1951117356618246,0.013048438065360326,0.5484994112354902
76,-0.5921052631578947,0.446979899148768,-1.0,-0.14512536400912668,-0.8739010579884052,-0.23985397031432695,-0.05263157894736842,-0.49961147809613643,0.3943483202013996,-0.31407453825599263,0.20893485608853796,0.024440390403689324,0.5805192535945638
77,-0.5974025974025974,0.4426176380548478,-1.0,-0.1547849593477496,-0.8756780312819915,-0.24847366844678856,-0.05194805194805195,-0.49456569000289974,0.3906695861067958,-0.3100610967580374,0.2062091194577031,0.02405515743516344,0.5691264682441679
78,-0.5769230769230769,0.4383636620835053,-1.0,-0.13855941483957157,-0.8572205448379883,-0.22648106114222455,-0.038461538461538464,-0.47682520054504374,0.39990212362196687,-0.29614842224579585,0.2193994029210164,0.03523389485535919,0.6002442004562913
79,-0.5822784810126582,0.43421388742162054,-1.0,-0.14806459359103769,-0.8591821921777123,-0.23501436997063546,-0.0379746835443038,-0.4721885709659243,0.39623920387731676,-0.2924568638016906,0.2166231316101702,0.034688141598058345,0.5886731601873699
80,-0.5875,0.43016443406886173,-1.0,-0.1573355659311383,-0.8610905632376669,-0.24335828535258774,-0.0375,-0.4676644340688617,0.39266443406886176,-0.2888569347560406,0.2139166172593832,0.03415904726188388,0.5775445090524437
81,-0.5679012345679012,0.4262116132637332,-0.9941128478316343,-0.141689621304168,-0.8434777401479672,-0.22246810149999308,-0.024691358024691357,-0.45090297128842455,0.40152025523904183,-0.2756752484006647,0.22641635750546868,0.044967525466422915,0.6072256010043371
82,-0.573170731707317,0.42235191582949855,-0.9955226475368155,-0.15081881587781848,-0.845547799657031,-0.23073044037673524,-0.024390243902439025,-0.4467421597319376,0.3979616719270595,-0.27236193563879985,0.22366873229422218,0.04429312415335975,0.5959400771094248
83,-0.5783132530120482,0.4185820013624035,-0.9968952543744516,-0.1597312516496447,-0.8475636990673571,-0.23881705266883568,-0.024096385542168676,-0.4426783869045722,0.3944856158202348,-0.26912789998284303,0.22098736536790087,0.043638669472642465,0.5850693671743007
84,-0.5833333333333334,0.41489868819201076,-0.9982320215253442,-0.16843464514132261,-0.8495275403062503,-0.2467337598403295,-0.03571428571428571,-0.45061297390629645,0.37918440247772506,-0.2801067728017057,0.2088581568428448,0.04300328677416101,0.5745905295691353
85,-0.5882352941176471,0.4112989440500689,-0.9995342381677159,-0.17693635006757819,-0.8514413202510163,-0.254486125181703,-0.047058823529411764,-0.45835776757948066,0.36424012052065713,-0.29073793064145476,0.1969847163733314,0.04238616021884014,0.5644823460036831
86,-0.5813953488372093,0.40777987739024313,-0.9891752262274525,-0.1736154714469662,-0.8426620495873828,-0.2514023683791937,-0.046511627906976744,-0.45429150529721984,0.3612682494832664,-0.2874295680328858,0.19470198625741997,0.04238616021884014,0.5644823460036831
87,-0.5862068965517241,0.40433872930634923,-0.9905456258580734,-0.18186816724537486,-0.8446169927202423,-0.25893680905473637,-0.04597701149425287,-0.4503157408006021,0.35836171781209636,-0.2841962483422509,0.19247178476432275,0.04178650590777654,0.5547251711808315
88,-0.5909090909090909,0.40097286600148324,-0.9918819569105741,-0.1899362249076077,-0.8465238477696073,-0.26632023602724075,-0.045454545454545456,-0.4464274114560287,0.35551832054693777,-0.2810354442758993,0.19029234146529975,0.041203598082753944,0.5453007076008775
89,-0.5955056179775281,0.3976797717647216,-0.9931853897422497,-0.19782584621280652,-0.8483843682857042,-0.27355739943097157,-0.0449438202247191,-0.4426235919894407,0.3527359515400025,-0.2779447272252501,0.18816191426823645,0.040636740216314755,0.5361919132982502
90,-0.6,0.39445704241592017,-0.9944570424159201,-0.2055429575840798,-0.8502002239227298,-0.28065273761749265,-0.044444444444444446,-0.4389014868603646,0.3500125979714757,-0.2749217533402972,0.18607886731624607,0.04008527967433709,0.5273829180315186
91,-0.5934065934065934,0.39130237918260546,-0.9847089725891989,-0.20210421422398794,-0.8419384119602351,-0.2774263666226313,-0.04395604395604396,-0.43525842313864943,0.3473463352265615,-0.2719643350158419,0.1840416397694703,0.04008527967433709,0.5273829180315186
92,-0.5978260869565217,0.38821358297608627,-0.9860396699326079,-0.20961250398043546,-0.8437902932257755,-0.28433673051388364,-0.043478260869565216,-0.4316918438456515,0.344735322106521,-0.2690703272819519,0.18204871467922043,0.039548596776842956,0.5188589756194452
93,-0.6021505376344086,0.38518854903673844,-0.9873390866711471,-0.21696198859767019,-0.8455991833120265,-0.2911160477707463,-0.043010752688172046,-0.4281993017249105,0.3421777963485664,-0.266237713476663,0.1800986656578638,0.03902610542446042,0.5106062232620076
94,-0.5851063829787234,0.3822252619209771,-0.9673316448997005,-0.2028811210577463,-0.8306449466246237,-0.2725030434258441,-0.031914893617021274,-0.4141401555379984,0.35031036830395584,-0.2551435040349656,0.19132567434868913,0.04839218640009807,0.535213203784249
95,-0.5684210526315789,0.3793217908047388,-0.9477428434363178,-0.18909926182684011,-0.8159557435073352,-0.254525070127688,-0.021052631578947368,-0.4003744223836862,0.35826915922579144,-0.24425565129832216,0.20222001483565885,0.057737932255564756,0.5596684834533329
96,-0.5729166666666666,0.3764762850803997,-0.9493929517470663,-0.19644038158626692,-0.8180235906814535,-0.26134978902215755,-0.03125,-0.4077262850803997,0.3452262850803997,-0.25414763018488884,0.19182963948696852,0.05698736267815239,0.5508702133257841
97,-0.5773195876288659,0.373686970225956,-0.9510065578548219,-0.20363261740290994,-0.8200453628891522,-0.2680512917103227,-0.030927835051546393,-0.4046148052775024,0.3427591351744096,-0.25158596653299226,0.1898724406035905,0.056256073922218236,0.5423434774058128
98,-0.5816326530612245,0.3709521439270222,-0.9525847969882466,-0.21068050913420228,-0.822022589037613,-0.2746329354692477,-0.030612244897959183,-0.40156438882498136,0.34033989902906303,-0.2490757720506921,0.187954949329094,0.05554333616606698,0.5340757403175437
99,-0.5858585858585859,0.3682701724337729,-0.9541287582923588,-0.21758841342481294,-0.8239567362599902,-0.28109800665065493,-0.030303030303030304,-0.3985732027368032,0.33796714213074264,-0.24661551099835022,0.18607598272236914,0.05484845120567346,0.5260553025263282
100,-0.57,0.3656394871363849,-0.9356394871363849,-0.20436051286361506,-0.8100755563378332,-0.2640175415575504,-0.02,-0.3856394871363849,0.34563948713638487,-0.2363599753379822,0.19645862251520158,0.06371281119762066,0.5488494747762505
101,-0.5742574257425742,0.3630585813438384,-0.9373160070864126,-0.21119884439873582,-0.812099353069126,-0.2704456528224568,-0.019801980198019802,-0.3828605615418582,0.3432566011458186,-0.23406945995175016,0.19453986269412654,0.06292669754421838,0.5407128321866729
102,-0.5588235294117647,0.36052600725212286,-0.9193495366638875,-0.19829752215964186,-0.7985736368333592,-0.2539671650704216,-0.00980392156862745,-0.37032992882075033,0.3507220856834954,-0.2241096030555519,0.20456394114915058,0.07166678064124918,0.5630383266842293
103,-0.5631067961165048,0.3580403730889784,-0.9211471692054832,-0.20506642302752642,-0.8006790131330491,-0.26035548558512933,-0.009708737864077669,-0.36774911095305607,0.34833163522490074,-0.22197805359525588,0.20261087579634582,0.07079453231215842,0.554797274791753
104,-0.5673076923076923,0.35560034042329075,-0.9229080327309831,-0.21170735188440154,-0.8027407098561525,-0.26663649325760513,-0.019230769230769232,-0.37483110965405997,0.33636957119252153,-0.23137496411800385,0.19305809042774713,0.06994329159417553,0.5467925042543258
105,-0.5714285714285714,0.3532046216281671,-0.9246331930567385,-0.21822394980040427,-0.8047600771699631,-0.27281284332275396,-0.01904761904761905,-0.37225224067578616,0.3341570025805481,-0.22922216114543734,0.19124840526353742,0.06911229939642632,0.5390139164409713
106,-0.5754716981132075,0.3508519774875436,-0.9263236756007511,-0.22461972062566393,-0.8067384079661011,-0.2788872176183844,-0.02830188679245283,-0.3791538642799964,0.3225500906950908,-0.2383184493431505,0.18195810407962443,0.06830084944568726,0.5314520513342614
107,-0.5794392523364486,0.34854121493693807,-0.9279804672733867,-0.23089803739951048,-0.8086769405369445,-0.28486206723707863,-0.028037383177570093,-0.37657859811450817,0.320503831759368,-0.23614812454330586,0.18028289887392634,0.06750825412117724,0.5240979680296409
108,-0.5833333333333334,0.3462711849296541,-0.9296045182629875,-0.23706214840367928,-0.8105768735210102,-0.29073989391326904,-0.027777777777777776,-0.3740489627074319,0.3184934071518763,-0.23401721442739162,0.17863838126262027,0.06673386505817801,0.516943243734188
109,-0.5871559633027523,0.34404078042038155,-0.9311967437231339,-0.24311518288237077,-0.8124393492663673,-0.29652301529678726,-0.03669724770642202,-0.3807380281268036,0.30734353271395953,-0.242776716384319,0.1696932810709017,0.06597705880944434,0.5099798344595866
110,-0.5909090909090909,0.3418489344587251,-0.932758025367816,-0.24906015645036583,-0.8142654685811563,-0.3022137060761452,-0.03636363636363636,-0.3782125708223615,0.30548529809508873,-0.24063105122609568,0.16817220449447634,0.06523724757858164,0.5032001913596027
111,-0.5765765765765766,0.33969461838572923,-0.9162711949623058,-0.23688195819084734,-0.8018611852113191,-0.2867538107408059,-0.02702702702702703,-0.36672164541275626,0.3126675913587022,-0.23147521953325018,0.17768490072843188,0.07318859940141965,0.5229607988095465
112,-0.5803571428571429,0.33757684012696354,-0.9179339829841064,-0.24278030273017936,-0.8037565269374422,-0.2924199104309082,-0.03571428571428571,-0.37329112584124924,0.30186255441267784,-0.2400062488658088,0.16899726699505532,0.07237807043803211,0.5160874300609314
113,-0.584070796460177,0.33549464257618944,-0.9195654390363664,-0.24857615388398757,-0.805615862254548,-0.29799782755100623,-0.035398230088495575,-0.370892872664685,0.30009641248769386,-0.2379444147896978,0.1675256079277106,0.07158531723896011,0.5093910549297699
114,-0.5877192982456141,0.3334471020640458,-0.9211664003096599,-0.25427219618156827,-0.8074402001343279,-0.3034895946059311,-0.03508771929824561,-0.36853482136229143,0.2983593827658002,-0.2359179192990588,0.16607945477753355,0.07080976053436218,0.502864916534383
115,-0.591304347826087,0.3314333269065813,-0.9227376747326683,-0.2598710209195057,-0.8092305327239246,-0.3088972035957419,-0.043478260869565216,-0.3749115877761465,0.28795506603701604,-0.24415166611256806,0.1576952208643374,0.07005085084099096,0.49650263117263743
116,-0.5948275862068966,0.32945245602881496,-0.9242800422357116,-0.2653751301780816,-0.8109877998458929,-0.31422253518268983,-0.04310344827586207,-0.372555904304677,0.2863490077529529,-0.24211255435285894,0.15635622883665146,0.06930805483512006,0.4902981427768595
117,-0.5982905982905983,0.3275036576588388,-0.9257942559494371,-0.27078694063175945,-0.8127129091921016,-0.3194674298039869,-0.05128205128205128,-0.3787857089408901,0.27622160637678755,-0.250112751355538,0.14817755497418916,0.06858086354229592,0.4842456796323813
118,-0.6016949152542372,0.3255861280882772,-0.9272810433425145,-0.27610878716596005,-0.8144067436204117,-0.324633711980561,-0.059322033898305086,-0.3849081619865823,0.2662640941899721,-0.25793335182686983,0.14011911694276127,0.06786878815951024,0.478339740057606
119,-0.6050420168067226,0.3236990904952021,-0.9287411073019247,-0.2813429263115205,-0.8160701445421253,-0.3297230953178486,-0.058823529411764705,-0.38252261990696684,0.2648755610834374,-0.2558421667884378,0.13895743559388557,0.06717136785903585,0.47257510576548156
120,-0.6083333333333333,0.3218417938258614,-0.9301751271591947,-0.28649153950747186,-0.8177039253214993,-0.3347372540583211,-0.06666666666666667,-0.3885084604925281,0.25517512715919477,-0.2634500145912171,0.13109049797058114,0.06648814809672611,0.46694677544586966
121,-0.6115702479338843,0.32001351173181874,-0.9315837596657031,-0.2915567362020655,-0.8193088724347185,-0.3396778234765549,-0.06611570247933884,-0.3861292142111576,0.2538978092524799,-0.26135327389910207,0.13002072163849823,0.06581870044353225,0.46145003315631267
122,-0.6147540983606558,0.31821354155932696,-0.9329676399199827,-0.2965405568013288,-0.8208857465718613,-0.3445464243165781,-0.06557377049180328,-0.38378731205113026,0.25263977106752367,-0.25928987269518805,0.128968313824935,0.06516261563188691,0.45608027824124575
123,-0.6178861788617886,0.316441203387963,-0.9343273822497516,-0.30144497547382565,-0.8224352779911785,-0.34934456694901483,-0.07317073170731707,-0.3896119350952801,0.24327047168064592,-0.2666584071589679,0.12135413507135903,0.06451949420112449,0.4508332532675963
124,-0.6048387096774194,0.31469583911574484,-0.9195345487931642,-0.29014287056167454,-0.8113261325465095,-0.33504045298022617,-0.06451612903225806,-0.3792119681480029,0.2501797100834868,-0.2583524906827557,0.13037131486400477,0.0715299684846992,0.46768988150984664
125,-0.608,0.3129768115881272,-0.9209768115881272,-0.2950231884118728,-0.8129328796863555,-0.33982938921451566,-0.064,-0.3769768115881272,0.24897681158812718,-0.25636352980136884,0.12934318685531615,0.07083171047468075,0.4623623507351348
126,-0.6111111111111112,0.31128350376844055,-0.9223946148795517,-0.2998276073426706,-0.8145124307937092,-0.3445506062772539,-0.06349206349206349,-0.37477556726050404,0.24779144027637706,-0.2544051522300357,0.12833119171952445,0.07014696611582967,0.45715401101172637
127,-0.6062992125984252,0.3096153179474892,-0.9159145305459144,-0.29668389465093603,-0.8088988849497216,-0.3416984062495194,-0.06299212598425197,-0.37260744393174117,0.24662319196323723,-0.2524766720186069,0.12733496526094873,0.07014696611582967,0.45715401101172637
128,-0.59375,0.3079716749901673,-0.9017216749901673,-0.2857783250098327,-0.7982057621702552,-0.32800800586119294,-0.0546875,-0.3626591749901673,0.2532841749901673,-0.2445097026648,0.13597578764893115,0.07701638212560062,0.4735454163228282
129,-0.5968992248062015,0.3063520136170861,-0.9032512384232876,-0.2905472111891154,-0.7998718175777169,-0.3326994712038557,-0.05426356589147287,-0.36061557950855894,0.25208844772561323,-0.24268308697744856,0.1349390236906303,0.07627980421793012,0.4682629174073271
130,-0.6,0.3047557897193264,-0.9047557897193264,-0.2952442102806736,-0.8015105247497559,-0.33732664585113514,-0.05384615384615385,-0.35860194356548025,0.2509096358731725,-0.24088371797249875,0.1339180032794292,0.07555719934691174,0.463096238051876
131,-0.5954198473282443,0.30318247570454804,-0.8986023230327923,-0.29223737162369623,-0.7961507836598475,-0.33462419616812056,-0.05343511450381679,-0.3566175902083648,0.24974736120073124,-0.23911100079995073,0.13291236075736187,0.07555719934691174,0.463096238051876
132,-0.5833333333333334,0.3016315598727936,-0.8849648932061269,-0.28170177346053976,-0.7858428147931894,-0.32149737824996316,-0.045454545454545456,-0.3470861053273391,0.25617701441824814,-0.23145753958008505,0.14120621234178543,0.08229191120762687,0.4790480178429493
133,-0.5864661654135338,0.3001025458204245,-0.8865687112339583,-0.2863636195931093,-0.7875585950406869,-0.3260938669729949,-0.045112781954887216,-0.3452153277753117,0.2549897638655373,-0.22977810504293084,0.14016408927010415,0.08152051070427281,0.47381285646634447
134,-0.5746268656716418,0.29859495187071977,-0.8732218175423616,-0.276031913800922,-0.777442625098264,-0.3133161525005725,-0.03731343283582089,-0.33590838470654066,0.2612815190348989,-0.22228748518139563,0.14823395091651093,0.08818753109866458,0.48952453463311046
135,-0.5777777777777777,0.2971083105297569,-0.8748860883075347,-0.28066946724802083,-0.7791998793681463,-0.3178986612293455,-0.037037037037037035,-0.3341453475667939,0.26007127349271986,-0.22069686982366776,0.14715841522923223,0.08736941632450596,0.4842257649180333
136,-0.5808823529411765,0.29564216796627246,-0.876524520907449,-0.28524018497490405,-0.7809295179870201,-0.32242112146580926,-0.04411764705882353,-0.339759815025096,0.2515245209074489,-0.22772631268290908,0.1401930078864098,0.08656636492992988,0.4790397405828479
137,-0.583941605839416,0.2941960835142795,-0.8781376893536955,-0.2897455223251365,-0.7826321952751953,-0.32688465583933524,-0.043795620437956206,-0.3379917039522357,0.2504004630763233,-0.22612310151984225,0.13918976420468654,0.08577796155524682,0.47396297328201137
138,-0.572463768115942,0.29276962919728605,-0.865233397313228,-0.27969413891865597,-0.7728321773634439,-0.3145263025510138,-0.036231884057971016,-0.32900151325525706,0.25653774513931504,-0.21886989528286283,0.14701206550218054,0.09226076503626171,0.4891037681899965
139,-0.5755395683453237,0.2913623892730294,-0.8669019576183531,-0.28417717907229434,-0.7745729525097839,-0.3189764139677982,-0.03597122302158273,-0.3273336122946121,0.25539116625144664,-0.21734966391282112,0.14597717806589688,0.09142894188339415,0.4839683197474049
140,-0.5785714285714286,0.2899739597976993,-0.8685453883691279,-0.2885974687737293,-0.7762871764600279,-0.32336973792740287,-0.03571428571428571,-0.325688245511985,0.2542596740834136,-0.21585051875029296,0.144956821841853,0.09061201036216147,0.4789389391237295
141,-0.5815602836879432,0.2886039482086841,-0.8701642318966274,-0.2929563354792591,-0.7779754515446669,-0.3277073598711202,-0.0425531914893617,-0.33115713969804583,0.24605075671932242,-0.2226620287971294,0.13825138230273065,0.08980956634364333,0.4740124331703825
142,-0.5845070422535211,0.2872519729249264,-0.8717590151784476,-0.29725506932859475,-0.779638369318465,-0.33199028565850064,-0.04225352112676056,-0.32950549405168694,0.24499845179816582,-0.22115011953971753,0.13729777596366244,0.08902122904816002,0.4691856312275526
143,-0.5874125874125874,0.2859176629640268,-0.8733302503766143,-0.3014949244485606,-0.7812764986411674,-0.33621958314955647,-0.04195804195804196,-0.3278757049220688,0.24395962100598487,-0.21965870375816637,0.1363572699206692,0.08824663041247192,0.4644556176715373
144,-0.5902777777777778,0.28460065757528336,-0.8748784353530612,-0.30567712020249443,-0.7828903803601859,-0.3403961698835095,-0.04861111111111111,-0.33321176868639446,0.23598954646417225,-0.22627959286587107,0.129833566956222,0.08748541138315809,0.45981948955953944
145,-0.593103448275862,0.2833006058878953,-0.8764040541637573,-0.30980284238796674,-0.7844805646559286,-0.34452104948717976,-0.05517241379310345,-0.33847301968099874,0.22812819209479185,-0.23278011433009443,0.12338581229078358,0.08673723416400811,0.4552745097768546
146,-0.5958904109589042,0.282017166573607,-0.8779075775325111,-0.3138732443852972,-0.7860475565268569,-0.34859517012556934,-0.06164383561643835,-0.34366100219004536,0.22037333095716863,-0.2391638600662963,0.11701255312112913,0.0860017594508066,0.45081799819245477
147,-0.5986394557823129,0.28075000752310314,-0.879389463305416,-0.3178894482592098,-0.7875918771336681,-0.35261942436094995,-0.061224489795918366,-0.3419744973190215,0.21952551772718476,-0.23760180935567743,0.11623088802610124,0.08527866821067207,0.44644745694822935
148,-0.5878378378378378,0.2794988055355061,-0.8673366433733439,-0.30833903230233173,-0.7784393176033688,-0.3409025388190875,-0.05405405405405406,-0.33355285958956016,0.22544475148145204,-0.2307880520820618,0.1237151320721652,0.09127430154480226,0.4601774931678176
149,-0.5906040268456376,0.2782632460203599,-0.8688672728659975,-0.3123407808252777,-0.7800176139645929,-0.3449190238978239,-0.06040268456375839,-0.3386659305841183,0.21786056145660151,-0.23704774387730848,0.11746779464235241,0.09051401078447495,0.45575408886285457
150,-0.58,0.2770430227115183,-0.8570430227115182,-0.30295697728848164,-0.7710138323903084,-0.3334777337312698,-0.05333333333333334,-0.33037635604485166,0.22370968937818497,-0.23032584031422937,0.1248183747132619,0.09645816229549156,0.4693039139772277
151,-0.5827814569536424,0.27583783739238615,-0.8586192943460285,-0.3069436195612562,-0.7726239381444376,-0.3374851411146833,-0.059602649006622516,-0.3354404863990087,0.21623518838576364,-0.23649323598438543,0.1186469911739526,0.09566208085975723,0.46483085955471937
152,-0.5855263157894737,0.27464739963199064,-0.8601737154214644,-0.31087891615748303,-0.7742114871936407,-0.34144511485570356,-0.05921052631578947,-0.33385792594778013,0.21543687331620118,-0.23500073710946656,0.11788200714478367,0.0948790478929447,0.4604418280848156
153,-0.5882352941176471,0.2734714265313883,-0.8617067206490354,-0.3147638675862588,-0.7757769709124285,-0.3453584830550587,-0.058823529411764705,-0.332294955943153,0.21464789711962357,-0.23352705731111412,0.11712684175547433,0.09410874922406205,0.45613447919157624
154,-0.5909090909090909,0.2723096424799369,-0.8632187333890278,-0.31859944842915405,-0.7773208374326877,-0.34922604330561385,-0.06493506493506493,-0.3372447074150018,0.20737457754487196,-0.23953678391196512,0.11110972661476631,0.09335087392799486,0.4519065652994077
155,-0.5935483870967742,0.2711617789209885,-0.8647101660177627,-0.3223866081757856,-0.7788435293782139,-0.3530485627151304,-0.07096774193548387,-0.3421295208564724,0.20019403698550464,-0.24544605439709083,0.10515737668160469,0.09260512706837447,0.44775587709286085
156,-0.5961538461538461,0.27002757412658046,-0.8661814202804266,-0.3261262720272657,-0.7803454840412507,-0.35682687306633365,-0.07051282051282051,-0.340540394639401,0.19951475361375995,-0.24394008631889638,0.10449557111431393,0.09187121632635706,0.44368039431654127
157,-0.5987261146496815,0.2689067729807232,-0.8676328876304047,-0.3298193416689583,-0.7818271275728372,-0.36056168102155073,-0.07006369426751592,-0.3389704672482391,0.19884307871320728,-0.24245256773985113,0.10384205951812164,0.09114886139903021,0.43967805218335965
158,-0.6012658227848101,0.26779912677090506,-0.8690649495557152,-0.33346669601390505,-0.7832888693937776,-0.3642537343917014,-0.0759493670886076,-0.34374849385951267,0.19184975968229745,-0.24821641550788398,0.09803386919106108,0.09043779040463505,0.43574694334713776
159,-0.6037735849056604,0.26670439298745174,-0.8704779778931121,-0.3370691919182086,-0.7847311027207464,-0.3679037510224108,-0.07547169811320754,-0.3421760911006593,0.1912326948742442,-0.24672338591431672,0.0974279434051154,0.08973774578592879,0.43188513733650064
160,-0.60625,0.2656223351303978,-0.8718723351303977,-0.34062766486960216,-0.7861542226746678,-0.3715124666690826,-0.075,-0.3406223351303978,0.19062233513039778,-0.24524829797446723,0.09682946056127548,0.08904846525899732,0.42809088061020756
161,-0.5962732919254659,0.2645527225235431,-0.860826014449009,-0.33172056940192274,-0.7777440773774378,-0.36066514577554615,-0.06832298136645963,-0.33287570389000276,0.19622974115708347,-0.23894701537138185,0.10383081288071153,0.0945410667085316,0.4403751527564528
162,-0.5987654320987654,0.26349533013538534,-0.8622607622341507,-0.3352701019633801,-0.7791957197549901,-0.3642695290438923,-0.06790123456790123,-0.3313965647032866,0.1955940955674841,-0.2375345116964092,0.10320187645193973,0.09382105946259404,0.4365361782776781
163,-0.6012269938650306,0.26244993840663106,-0.8636769322716618,-0.3387770554583996,-0.7806284750348952,-0.36783384170634603,-0.06748466257668712,-0.32993460098331817,0.19496527582994394,-0.23613866194625577,0.10258050052666225,0.09311195376480895,0.4327631907349862
164,-0.5914634146341463,0.26141633308400775,-0.852879747718154,-0.33004708155013857,-0.7723877228251317,-0.35725598509718737,-0.06097560975609756,-0.3223919428401053,0.2004407233279102,-0.22998816901590774,0.10938799017813147,0.09852222552505084,0.44479266381538735
165,-0.593939393939394,0.26039430506010736,-0.8543336989995014,-0.33354508887928663,-0.7738472126650089,-0.36081543420300344,-0.06666666666666667,-0.327060971726774,0.1937276383934407,-0.23559546073277787,0.10379816691080732,0.09778380345773861,0.4409775971751621
166,-0.5843373493975904,0.25938365021900883,-0.8437209996165993,-0.3249536991785816,-0.765724637601749,-0.35046064530510507,-0.060240963855421686,-0.31962461407443055,0.19914268636358715,-0.2295178031346884,0.11049416697168926,0.10315409361955902,0.45286723888998776
167,-0.5868263473053892,0.258384169287436,-0.8452105165928252,-0.32844217801795317,-0.7672093136760291,-0.35401422079808686,-0.059880239520958084,-0.31826440880839413,0.19850392976647793,-0.22820031794602288,0.10984624217370312,0.10238734943847157,0.4490122863549673
168,-0.5773809523809523,0.2573956676912227,-0.834776620072175,-0.31998528468972964,-0.7592011236896115,-0.34387309707346414,-0.05357142857142857,-0.31096709626265123,0.2038242391197941,-0.22222248172121395,0.11639737178172384,0.10771871178626445,0.46076627351027877
169,-0.5680473372781065,0.25641795541686246,-0.8244652926949689,-0.31162938186124406,-0.7512621081616045,-0.333906615715055,-0.047337278106508875,-0.30375523352337136,0.2090806773103536,-0.216301650337919,0.1228414924716103,0.11305081964493328,0.4724907800378658
170,-0.5705882352941176,0.25545084687793673,-0.8260390821720544,-0.3151373884161809,-0.7528121030505968,-0.3374835794462877,-0.047058823529411764,-0.3025096704073485,0.20839202334852497,-0.21507953878711245,0.12213579661705914,0.11221806577592969,0.4684958395039014
171,-0.5614035087719298,0.25449416078621984,-0.8158976695581497,-0.30690934798570996,-0.7449816580404314,-0.32771505520009153,-0.04093567251461988,-0.2954298333008397,0.21355848827159996,-0.2092538252908584,0.12844483179655686,0.11751266743948585,0.48009042435905463
172,-0.563953488372093,0.25354772002727144,-0.8175012083993645,-0.3104057683448216,-0.7465527356537276,-0.3312830255301886,-0.046511627906976744,-0.30005934793424816,0.2070360921202947,-0.21477511005346167,0.12299524906069732,0.11665407079487153,0.47606169423649675
173,-0.5664739884393064,0.25261135154033515,-0.8190853399796416,-0.31386263689897126,-0.7481045200128775,-0.3348137033468037,-0.046242774566473986,-0.2988541261068091,0.20636857697386116,-0.2135826748058286,0.12230119936038991,0.11580794714915202,0.4720996540194054
174,-0.5574712643678161,0.25168488620236984,-0.809156150570186,-0.3057863781654463,-0.7404184111062138,-0.32526296582715275,-0.040229885057471264,-0.2919147712598411,0.21145500114489857,-0.20785886854275887,0.12848450937147796,0.12102856579782657,0.48346929153579654
175,-0.5485714285714286,0.2507681587160491,-0.7993395872874778,-0.29780326985537947,-0.7327951610939841,-0.31586734601429534,-0.03428571428571429,-0.28505387300176344,0.21648244443033485,-0.20218744644096923,0.1345717384985515,0.12625107143501993,0.4948144536826578
176,-0.5511363636363636,0.2498610075015705,-0.8009973711379341,-0.30127535613479317,-0.7344047298485583,-0.31941536576910456,-0.03977272727272727,-0.28963373477429777,0.21008828022884324,-0.20762326720763336,0.12921495439315384,0.12534333324381983,0.49072379442742753
177,-0.5536723163841808,0.24896327459212436,-0.8026355909763052,-0.30470904179205643,-0.7359949674478359,-0.32292714285648483,-0.03954802259887006,-0.28851129719099444,0.2094152519932543,-0.206495549382463,0.1285033751342256,0.12444858099172004,0.48669981621935066
178,-0.5561797752808989,0.24807480553287894,-0.8042545808137779,-0.30810496974801993,-0.7375662063112418,-0.3264032172855367,-0.03932584269662921,-0.28740064822950817,0.20874896283624972,-0.2053800293066528,0.12779960613907057,0.12356653422711457,0.4827409460666652
179,-0.5586592178770949,0.24719544928334344,-0.8058546671604384,-0.31146376859375147,-0.7391188043122852,-0.3298441482156349,-0.03910614525139665,-0.2863015945347401,0.2080893040319468,-0.20427654342278423,0.1271035155104525,0.12269692392905608,0.478845573599153
180,-0.5611111111111111,0.24632505812297875,-0.8074361692340899,-0.31478605298813234,-0.7406530786719587,-0.33325042120284504,-0.03888888888888889,-0.28521394701186764,0.20743616923408986,-0.20318487120999232,0.12641498645146687,0.12183949210812732,0.47501220639988034
181,-0.56353591160221,0.24546348755992986,-0.8089993991621398,-0.3180724240422801,-0.7421693591123127,-0.3366225875543626,-0.04419889502762431,-0.28966238258755417,0.20126459253230555,-0.2084563588569177,0.12123486901844405,0.12099398018882296,0.4712394155127026
182,-0.5659340659340659,0.24461059624275996,-0.8105446621768259,-0.321323469691306,-0.7436679616406724,-0.3399611249729827,-0.04395604395604396,-0.2885666401988039,0.200654552286716,-0.20735548322017375,0.12058474516475595,0.12016014392486846,0.4675257307736953
183,-0.5573770491803278,0.24376624587507204,-0.8011432950553998,-0.3136108033052558,-0.7363597640737158,-0.33089318382935434,-0.03825136612021858,-0.28201761199529063,0.20551487975485344,-0.2019264424433474,0.1264487982121973,0.12513733849490144,0.4782037216072565
184,-0.5597826086956522,0.24293030113290778,-0.80271290982856,-0.3168523075627444,-0.737875854353542,-0.3342237663657769,-0.03804347826086957,-0.2809737793937773,0.20488682287203822,-0.20087049860993159,0.12577875047598194,0.12428148428728962,0.474461671662485
185,-0.5513513513513514,0.2421026295848191,-0.7934539809361705,-0.3092487217665323,-0.730657530958588,-0.3253190314447558,-0.032432432432432434,-0.27453506201725153,0.20967019715238666,-0.1955211359906841,0.13153045918490436,0.12922794721176528,0.4850324203992371
186,-0.543010752688172,0.24128310161451144,-0.7842938543026834,-0.30172765107366056,-0.7234932569566592,-0.3165484440903509,-0.026881720430107527,-0.26816482204461894,0.2144013811844039,-0.19021739313999808,0.13719883793464271,0.1341774269166745,0.49558304180523977
187,-0.5347593582887701,0.24047159034596335,-0.7752309486347334,-0.29428776794280675,-0.7163821052421224,-0.3079082970631952,-0.0213903743315508,-0.26186196467751416,0.21908121601441255,-0.1849586500681658,0.14278598456459252,0.1391301955766025,0.506114528528478
188,-0.5372340425531915,0.23966797157092973,-0.7769020141241212,-0.2975660709822618,-0.7179806109597074,-0.3112759858845397,-0.026595744680851064,-0.2662637162517808,0.21307222689007865,-0.19014477309711442,0.13772557937401403,0.13818708985292466,0.5021765765041122
189,-0.5396825396825397,0.2388721236787404,-0.7785546633612801,-0.30081041600379926,-0.7195611449461133,-0.31461139590967263,-0.031746031746031744,-0.27061815542477213,0.20712609193270864,-0.19525978489527623,0.1327080142403406,0.1372567115529443,0.49829907004615487
190,-0.531578947368421,0.23808392758831048,-0.7696628749567316,-0.29349501978011056,-0.7125660297117735,-0.30614113368486107,-0.02631578947368421,-0.2643997170619947,0.21176813811462628,-0.19005843997001648,0.13822350847093678,0.14214760003266058,0.5086449080055007
191,-0.5235602094240838,0.23730326668228047,-0.7608634761063642,-0.2862569427418033,-0.7056211228458047,-0.29779275682272077,-0.020942408376963352,-0.25824567505924384,0.21636085830531712,-0.18490007043821027,0.1436622018745432,0.1470423271499933,0.5189734868031465
192,-0.5260416666666666,0.2365300267432093,-0.762571693409876,-0.2895116399234573,-0.7072463921116043,-0.3011384752268592,-0.026041666666666668,-0.26257169340987596,0.21048836007654265,-0.18995884239363175,0.13869366329163313,0.1460602808540592,0.514991671334827
193,-0.5181347150259067,0.23576409589174532,-0.753898810917652,-0.2823706191341614,-0.7003812540534866,-0.292928704480433,-0.02072538860103627,-0.2564894844927816,0.21503870729070906,-0.18484891534160458,0.1440611721011641,0.1509270282172122,0.5252221932247417
194,-0.520618556701031,0.2350053645267052,-0.7556239212277361,-0.2856131921743258,-0.702018715441227,-0.29626291007110744,-0.02577319587628866,-0.26077856040299385,0.20923216865041655,-0.18984643692515554,0.1391370735063995,0.14992640536692306,0.5212203219664142
195,-0.517948717948718,0.23425372526699034,-0.7522024432157084,-0.28369499268172765,-0.6988191948487208,-0.2946906915077797,-0.02564102564102564,-0.259894750908016,0.2086126996259647,-0.18890786400208096,0.1384432254693447,0.14992640536692306,0.5212203219664142
196,-0.5204081632653061,0.23350907289527736,-0.7539172361605835,-0.2868990903700288,-0.7004485071009519,-0.2979838404120232,-0.025510204081632654,-0.25901927697691,0.2079988688136447,-0.18797855421292536,0.13775627489904974,0.14893899579231856,0.517278578329306
197,-0.5126903553299492,0.2327713043034183,-0.7454616596333675,-0.2799190510265309,-0.6937322059863713,-0.2899795926464391,-0.02030456852791878,-0.2530758728313371,0.21246673577549952,-0.18297344937844928,0.14301050783413927,0.1537471999874506,0.5273342116548185
198,-0.5050505050505051,0.2320403184394908,-0.7370908234899959,-0.2730101866110143,-0.6870616713557582,-0.282084723012616,-0.015151515151515152,-0.24719183359100594,0.21688880328797566,-0.17800804543675797,0.14819493731766037,0.15855994279797309,0.5373749535450468
199,-0.507537688442211,0.23131601625644005,-0.7388537046986511,-0.276221672185771,-0.6887302248921225,-0.2853846253462173,-0.020100502512562814,-0.25141651876900284,0.21121551374387723,-0.18291384475914074,0.14337172093403402,0.15752383996521865,0.5333365046554851
200,-0.5,0.230598300662257,-0.730598300662257,-0.269401699337743,-0.6821324676275253,-0.2776139825582504,-0.015,-0.24559830066225702,0.215598300662257,-0.17799282699823374,0.14849160492420194,0.16231049976006146,0.5432853891531294
201,-0.5024875621890548,0.2298870764716396,-0.7323746386606944,-0.27260048571741513,-0.6838107186170359,-0.28090148600772846,-0.014925373134328358,-0.24481244960596796,0.21496170333731127,-0.17713729436717818,0.14777428890342142,0.1612574525817033,0.5392303359555753
202,-0.49504950495049505,0.22918225035908515,-0.7242317553095802,-0.2658672545914099,-0.6772839488959548,-0.27325122441985816,-0.009900990099009901,-0.23908324045809506,0.21928126026007524,-0.17228152551273312,0.1528075582320147,0.166018607112973,0.5490891796071427
203,-0.4975369458128079,0.22848373081336532,-0.7260206766261732,-0.26905321499944257,-0.6789712723840047,-0.27652613987476365,-0.009852216748768473,-0.23833594756213378,0.21863151406459685,-0.1714607476454063,0.1520771597112928,0.1649491230919456,0.5450185656854758
204,-0.49019607843137253,0.22779142809333558,-0.7179875065247081,-0.26240465033803695,-0.672513767784717,-0.26899258880054255,-0.004901960784313725,-0.23269338887764932,0.22288946730902184,-0.16666868745404134,0.1570264984871827,0.16968532242043524,0.5547892429123289
205,-0.4926829268292683,0.2271052541850346,-0.7197881810143029,-0.2655776726442337,-0.6742095743737568,-0.27225470106776173,-0.004878048780487805,-0.23198330296552241,0.2222272054045468,-0.16588160061254734,0.1562837445154423,0.16859988804306275,0.5507040738940451
206,-0.49029126213592233,0.22642512276002863,-0.716716384895951,-0.2638661393758937,-0.6712799363055277,-0.2708926468508915,-0.0048543689320388345,-0.23127949169206746,0.2215707538279898,-0.16510192297616047,0.15554800405375008,0.16859988804306275,0.5507040738940451
207,-0.4927536231884058,0.2257509491349597,-0.7185045723233655,-0.26700267405344613,-0.6729657485865165,-0.2741160572007083,-0.00966183574879227,-0.23541278488375195,0.21608911338616743,-0.16988687490783455,0.1508752179606525,0.16752829481112563,0.5466782599506483
208,-0.4951923076923077,0.2250826502322572,-0.7202749579245649,-0.2701096574600505,-0.6746342829786813,-0.2773114065997876,-0.009615384615384616,-0.23469803484764182,0.2154672656168726,-0.16909652676146764,0.15017107286705417,0.16647026657832628,0.542710507140876
209,-0.4880382775119617,0.2244201445419734,-0.7124584220539352,-0.2636181329699883,-0.66833179682921,-0.2699670000937566,-0.004784688995215311,-0.2292048335371887,0.2196354555467581,-0.16442093552584855,0.15500543191672508,0.17112377673155327,0.5522499643695902
210,-0.49047619047619045,0.2237633520847058,-0.7142395425608963,-0.26671283839148463,-0.6700080874420344,-0.2731501560835612,-0.004761904761904762,-0.22852525684661057,0.21900144732280102,-0.1636625499952407,0.15428934196631122,0.17005047638383236,0.5482682218343796
211,-0.4834123222748815,0.22311219437557064,-0.7065245166504521,-0.2603001278993109,-0.6637696659819208,-0.26591333859904676,0.0,-0.22311219437557064,0.22311219437557064,-0.15904612839221954,0.15904612839221954,0.17468075065097133,0.5577251628170675
212,-0.4858490566037736,0.2224665943891919,-0.7083156509929655,-0.2633824622145817,-0.6654532036550767,-0.2690841431184759,0.0,-0.2224665943891919,0.2224665943891919,-0.15831874310970306,0.15831874310970306,0.17359261576537516,0.5537303593587276
213,-0.48826291079812206,0.2218264765256742,-0.7100893873237962,-0.2664364342724479,-0.667119896397904,-0.27222796840846814,0.0,-0.2218264765256742,0.2218264765256742,-0.15759798884391785,0.15759798884391785,0.17251799520088285,0.5497920329096692
214,-0.49065420560747663,0.22119176657752554,-0.7118459721850021,-0.2694624390299511,-0.6687699955339743,-0.27534516315872426,0.0,-0.22119176657752554,0.22119176657752554,-0.15688376128673553,0.15688376128673553,0.1714566294052337,0.5459089867031757
215,-0.4930232558139535,0.22056239169750036,-0.7135856475114539,-0.27246086411645315,-0.6704037552656129,-0.27843605175960895,0.0,-0.22056239169750036,0.22056239169750036,-0.15617598593235016,0.15617598593235016,0.17040827470511638,0.5420800782886892
216,-0.4861111111111111,0.21993828036733265,-0.7060493914784438,-0.26617283074377845,-0.6642982883171903,-0.27134719180564093,0.004629629629629629,-0.21530865073770303,0.22456790999696227,-0.15168703954528878,0.16080588440376298,0.1749330392926177,0.5512530103816123
217,-0.48847926267281105,0.21931936236733046,-0.7077986250401416,-0.2691599003054806,-0.6659390545248437,-0.27442662115745287,0.004608294930875576,-0.21471106743645488,0.22392765729820605,-0.15100837371865727,0.160087506891945,0.17387054660345372,0.5474113377648803
218,-0.4908256880733945,0.21870556874680436,-0.7095312568201988,-0.27212011932659014,-0.667563789071293,-0.2774804111467589,0.0045871559633027525,-0.2141184127835016,0.2232927247101071,-0.1503357543447696,0.15937553892988682,0.17282091420026288,0.5436225068140964
219,-0.4931506849315068,0.218096831795303,-0.7112475167268099,-0.2750538531362038,-0.6691727342262659,-0.2805088780922433,0.0045662100456621,-0.2135306217496409,0.2226630418409651,-0.14966910805332062,0.1586698603956667,0.1717839094881993,0.5398854584190206
220,-0.4954545454545455,0.2174930850146304,-0.7129476304691759,-0.2779614604399151,-0.6707661128179596,-0.283512336354364,0.004545454545454545,-0.21294763046917586,0.22203853956008496,-0.14900834648446604,0.1579704105176709,0.1707593052496152,0.5361991304319278
221,-0.497737556561086,0.21689426309162002,-0.714631819652706,-0.28084329346946596,-0.6723441586100678,-0.2864910760616286,0.004524886877828055,-0.21236937621379195,0.2214191499694481,-0.14835339622799631,0.1572771137116721,0.16974688429275628,0.5325625108665164
222,-0.49099099099099097,0.21630030187164212,-0.7072912928626331,-0.27469068911934885,-0.6663877321658909,-0.279558513145726,0.009009009009009009,-0.20729129286263312,0.22530931088065112,-0.14400684296547825,0.16177047131297825,0.17414568672405875,0.5414052375809391
223,-0.49327354260089684,0.21571113833282096,-0.7089846809337178,-0.2775624042680759,-0.6679726319195445,-0.2825269124433064,0.008968609865470852,-0.2067425284673501,0.2246797481982918,-0.14337898282994072,0.16106724251278842,0.17311984598633787,0.5377560141789288
224,-0.48660714285714285,0.21512671056094024,-0.701733853418083,-0.2714804322962026,-0.6620725680674824,-0.2756898606063001,0.013392857142857142,-0.2017338534180831,0.2285195677037974,-0.1390840793028474,0.16549313234697494,0.1774988088834474,0.5465274348688218
225,-0.4888888888888889,0.21454695772501492,-0.7034358466139038,-0.27434193116387395,-0.6636638889710109,-0.27864778505431276,0.013333333333333334,-0.20121362439168158,0.22788029105834826,-0.1384825301170349,0.16478048245112098,0.17645990864462158,0.5428663792690769
226,-0.4911504424778761,0.21397182005350926,-0.7051222625313853,-0.27717862242436686,-0.6652402402421014,-0.2815819094534469,0.01327433628318584,-0.20069748377032343,0.2272461563366951,-0.1378861657813587,0.16407396261934684,0.17543312628890617,0.5392537623412966
227,-0.4845814977973568,0.21340123881118067,-0.6979827366085375,-0.27118025898617615,-0.6594164177841026,-0.27485093579418335,0.01762114537444934,-0.19578009343673133,0.23102238418563,-0.1336622092429762,0.1684192035035415,0.17976775405038942,0.5478955720365205
228,-0.4868421052631579,0.21283515627653102,-0.6996772615396889,-0.2740069489866269,-0.6609988606681948,-0.27777474138297537,0.017543859649122806,-0.1952912966274082,0.23037901592565382,-0.1330911464858473,0.1677037770288033,0.1787283380328583,0.5442716721173639
229,-0.4890829694323144,0.21227351571984576,-0.7013564851521601,-0.2768094537124686,-0.6625666075658592,-0.2806753017105911,0.017467248908296942,-0.19480626681154883,0.2297407646281427,-0.1325249418160801,0.1669943840873293,0.1777009031098801,0.5406951381143925
230,-0.4826086956521739,0.21171626138180416,-0.694324957033978,-0.27089243427036974,-0.6568168804049491,-0.27404714570097294,0.021739130434782608,-0.18997713094702157,0.23345539181658675,-0.12836975377538928,0.17126177283732788,0.1819923209873388,0.5492110257757894
231,-0.4805194805194805,0.21116333845264249,-0.691682818972123,-0.269356142066838,-0.6542518789117986,-0.27282593002567046,0.021645021645021644,-0.18951831680762085,0.23280836009766412,-0.12782790495719745,0.17054397087076523,0.1819923209873388,0.5492110257757894
232,-0.4827586206896552,0.21061469305185396,-0.6933733137415091,-0.27214392763780126,-0.6558308318771165,-0.27570836708463475,0.021551724137931036,-0.18906296891392294,0.23216641718978498,-0.12729060759061367,0.1698321436756644,0.18095264922877052,0.5456237169067905
233,-0.48497854077253216,0.21007027220840932,-0.6950488129809415,-0.27490826856412287,-0.6573953643888872,-0.27856827383389304,0.02145922746781116,-0.18861104474059817,0.23152949967622047,-0.1267578068465122,0.1691262563410747,0.1799248168463151,0.5420827192104688
234,-0.48717948717948717,0.20953002384148234,-0.6967095110209696,-0.27764946333800483,-0.6589456766079635,-0.2814059188732734,0.017094017094017096,-0.19243600674746525,0.22662404093549943,-0.13118664525512957,0.16493009043554974,0.17890863051811837,0.5385871208533013
235,-0.48936170212765956,0.20899389674166546,-0.6983555988693251,-0.2803678053859941,-0.6604819652882028,-0.28422154708111536,0.01702127659574468,-0.19197262014592079,0.22601517333741014,-0.1306425133284102,0.16424976961409793,0.17790388623513462,0.5351360289445592
236,-0.4830508474576271,0.20846184055266084,-0.691512688010288,-0.27458900690496624,-0.6548721943113764,-0.27775276048203645,0.0211864406779661,-0.18727539987469474,0.22964828123062694,-0.12659328822362226,0.16841735457212237,0.18210643543987043,0.5434189594293842
237,-0.48523206751054854,0.2079338057534329,-0.6931658732639814,-0.27729826175711564,-0.6564138883779823,-0.2805589321796401,0.02109704641350211,-0.1868367593399308,0.229030852166935,-0.12607220154774343,0.16772884910116714,0.18108996196597907,0.5399573689006076
238,-0.48739495798319327,0.20740974364080894,-0.6948047016240022,-0.2799852143423843,-0.6579418097223553,-0.2833435889803061,0.02100840336134454,-0.1864013402794644,0.2284181470021535,-0.1255553838084726,0.16704594757126157,0.18008480269755442,0.5365393454626992
239,-0.48535564853556484,0.2068896063125147,-0.6922452548480795,-0.27846604222305016,-0.6554561700656327,-0.2821221566723979,0.02092050209205021,-0.1859691042204645,0.22781010840456492,-0.1250427948879896,0.16636858637362842,0.18008480269755442,0.5365393454626992
240,-0.4791666666666667,0.20637334665063178,-0.6855400133172984,-0.2727933200160349,-0.6499423636123538,-0.275781840706865,0.025,-0.1813733466506318,0.23137334665063178,-0.12107488512992856,0.17045109085738658,0.18424723043747615,0.5447061691254793
241,-0.48132780082987553,0.20586091830546538,-0.687188719135341,-0.27546688252441015,-0.6514802960933985,-0.2785499063764864,0.024896265560165973,-0.1809646527452994,0.23075718386563135,-0.12058428882068617,0.16976596093524046,0.18323069603582434,0.5412780965674349
242,-0.4834710743801653,0.2053522756798103,-0.6888233500599756,-0.278118798700355,-0.6530047256099294,-0.2812970928416764,0.024793388429752067,-0.18055888725005823,0.23014566410956236,-0.12009765491012697,0.1690863316709345,0.18222534822838898,0.5378926671144111
243,-0.48559670781893005,0.2048473739136032,-0.6904440817325332,-0.28074933390532686,-0.6545158188652108,-0.2840236338936253,0.024691358024691357,-0.18015601588891184,0.22953873193829455,-0.11961492859287025,0.1684121099519141,0.1812310003818161,0.5345490736491618
244,-0.48770491803278687,0.204346168868951,-0.6920510869017379,-0.28335874916383585,-0.6560137550972525,-0.2867297841022248,0.02459016393442623,-0.17975600493452476,0.22893633280337722,-0.11913607025244197,0.16774324633058954,0.18024747478877234,0.5312465783562125
245,-0.4897959183673469,0.2038486171155237,-0.6936445354828706,-0.2859473012518232,-0.6574987030150939,-0.28941575240115724,0.024489795918367346,-0.17935882119715638,0.22833841303389105,-0.11866104018931488,0.16707966236435642,0.1792745925042053,0.5279843791385899
246,-0.483739837398374,0.2033546759163027,-0.6870945133146767,-0.28038516148207127,-0.6521044807826599,-0.28320109977470187,0.028455284552845527,-0.1748993913634572,0.23180996046914823,-0.11480552127690821,0.17105507014728175,0.18333244676608226,0.5358858305748043
247,-0.48582995951417,0.20286430321367235,-0.6886942627278424,-0.28296565630049764,-0.6535943015987573,-0.28587858553840073,0.02834008097165992,-0.17452422224201244,0.23120438418533226,-0.11435108665030011,0.17038416572910564,0.18234870110700946,0.5326137029001635
248,-0.4798387096774194,0.2023774576158477,-0.6822161672932671,-0.2774612520615717,-0.6482455879449844,-0.2797404672469823,0.03225806451612903,-0.17011939309971866,0.23463552213197672,-0.11053680604504003,0.17430629653315388,0.18639071595541287,0.5404579384023528
249,-0.4819277108433735,0.20189409838362668,-0.6838218092270002,-0.2800336124597468,-0.6497399711824325,-0.28240936509816045,0.028112449799196786,-0.1737816485844299,0.23000654818282346,-0.11477144846475745,0.17033564757151776,0.18539637034802783,0.5371764072201834
250,-0.484,0.20141418541745948,-0.6854141854174595,-0.2825858145825405,-0.6512216612100599,-0.2850587481856346,0.028,-0.17341418541745948,0.22941418541745948,-0.11432253724336623,0.16967535948753354,0.18441260805496465,0.5339342454561161
251,-0.4860557768924303,0.20093767924482506,-0.6869934561372554,-0.2851180976476052,-0.6526908173979042,-0.2876888179327861,0.027888446215139442,-0.1730492330296856,0.2288261254599645,-0.1138771391247373,0.16902018282043024,0.18343925224542912,0.5307307926273906
252,-0.4880952380952381,0.20046454100790653,-0.6885597791031446,-0.2876306970873316,-0.6541476042142937,-0.29029981880670497,0.027777777777777776,-0.17268676323012877,0.2282423187856843,-0.11343518396218619,0.1683700390987926,0.18247614475381577,0.5275653223302994
253,-0.4901185770750988,0.1999947324515581,-0.690113309526657,-0.2901238446235407,-0.655592160733792,-0.29289192762299493,0.02766798418972332,-0.17232674826183478,0.22766271664128143,-0.11299664748044827,0.16772487889165466,0.18152312064050247,0.5244371746488871
254,-0.4881889763779528,0.1995282159115541,-0.6877171922895069,-0.28866076046639866,-0.6532548142699746,-0.29170330408520584,0.027559055118110236,-0.17196916079344385,0.22708727102966433,-0.11256149000539556,0.16708463835199985,0.18152312064050247,0.5244371746488871
255,-0.49019607843137253,0.1990649543031134,-0.6892610327344859,-0.29113112412825914,-0.6546917662901037,-0.29427063698862116,0.027450980392156862,-0.17161397391095656,0.22651593469527026,-0.11212967178400826,0.1664492681914685,0.18058002821234714,0.5213457287903875
256,-0.4921875,0.19860491110969156,-0.6907924111096916,-0.2935825888903084,-0.6561168186599389,-0.2968196056317538,0.02734375,-0.17126116110969156,0.22594866110969156,-0.11170115298591554,0.16581871919333935,0.179646708955013,0.5182902976111939
257,-0.48638132295719844,0.19814805037203287,-0.6845293733292312,-0.28823327258516557,-0.6509374683933036,-0.2908509620664649,0.0311284046692607,-0.16701964570277217,0.22927645504129357,-0.10802283146733904,0.16962114799811212,0.18355073320120935,0.5257971606356194
258,-0.4883720930232558,0.1976943366774761,-0.686066429700732,-0.2906777563457797,-0.6523669826429945,-0.2933924918950989,0.031007751937984496,-0.1666865847394916,0.2287020886154606,-0.10761290315047711,0.16898381224898412,0.1826073678673765,0.522732257813538
259,-0.4826254826254826,0.19724373514950644,-0.679869217774989,-0.28538174747597617,-0.6472293411212537,-0.287494283845526,0.03474903474903475,-0.1624947004004717,0.23199276989854117,-0.10397220693499887,0.17273746954428182,0.18649706969818455,0.5301872132230115
260,-0.4807692307692308,0.19679621143754736,-0.6775654422067782,-0.2839730193316834,-0.644968802825763,-0.2863555688124436,0.03461538461538462,-0.16218082682216273,0.231411596052932,-0.10358041289907235,0.17209367402471026,0.18649706969818455,0.5301872132230115
261,-0.4827586206896552,0.19635173170698586,-0.6791103523966411,-0.2864068889826693,-0.646406551373416,-0.2888836218365307,0.034482758620689655,-0.16186897308629622,0.2308344903276755,-0.10319154632502589,0.1714546536577159,0.18554388598037608,0.5271132642263909
262,-0.4847328244274809,0.19591026262942488,-0.6806430870569058,-0.288822561798056,-0.6478326567484222,-0.29139399727564724,0.03435114503816794,-0.16155911759125693,0.23026140766759282,-0.10280558364536926,0.17082037293273983,0.1846004229705674,0.5240745707734042
263,-0.4866920152091255,0.19547177137315708,-0.6821637865822825,-0.2912202438359684,-0.6492472517626366,-0.29388688374381544,0.034220532319391636,-0.16125123905376543,0.22969230369254873,-0.1024225166088728,0.17019075325233396,0.18366653319148785,0.5210705268803035
264,-0.4810606060606061,0.19503622559385356,-0.6760968316544597,-0.2860243804667525,-0.6442047675902194,-0.2881057748401707,0.03787878787878788,-0.15715743771506568,0.23291501347264143,-0.0988626110960137,0.17386414212259382,0.18750362615133714,0.5283872679720444
265,-0.4830188679245283,0.19460359342546274,-0.677622461349991,-0.28841527449906557,-0.6456232717577015,-0.2905914043480494,0.03773584905660377,-0.15686774436885897,0.2323394424820665,-0.09849674212482741,0.17322837631657437,0.18656023510612882,0.5253744889344656
266,-0.4774436090225564,0.19417384347131283,-0.6716174524938692,-0.28326976555124356,-0.640620339073633,-0.2848763903392884,0.041353383458646614,-0.15282046001266622,0.23552722692995945,-0.09497230785681791,0.17685611243534802,0.19038361002338414,0.5326419280594166
267,-0.4794007490636704,0.1937469447954137,-0.6731476938590841,-0.2856538042682567,-0.642042517048143,-0.28735468154319666,0.04119850187265917,-0.15254844292275455,0.23494544666807288,-0.09462323137436915,0.17621449674113418,0.18943093482883816,0.5296208272523915
268,-0.48134328358208955,0.1933228669139519,-0.6746661504960414,-0.28802041666813766,-0.6434534325528501,-0.28981599628702925,0.03731343283582089,-0.156009434078131,0.2306362997497728,-0.09862391695157807,0.17250808684238747,0.18848777050309468,0.5266336287551702
269,-0.483271375464684,0.19290157978697461,-0.6761729552516587,-0.2903697956777094,-0.6448532342910767,-0.2922605614569107,0.03345724907063197,-0.15944433071634265,0.22635882885760658,-0.10258552542849544,0.16882293818165375,0.18755397541395888,0.5236797531848929
270,-0.4777777777777778,0.19248305381025713,-0.670260831588035,-0.28529472396752065,-0.6399186321430737,-0.28662923839357163,0.037037037037037035,-0.1554460167732201,0.22952009084729416,-0.09909639755884805,0.1724110146363576,0.19132676391980064,0.5308155532313314
271,-0.4797047970479705,0.1920672598073497,-0.6717720568553202,-0.2876375372406208,-0.6413219838344744,-0.28906670966051595,0.03690036900369004,-0.15516689080365967,0.22896762881103974,-0.09873770391809106,0.17179411979618986,0.19038397686660785,0.5278535896435628
272,-0.48161764705882354,0.19165416902179824,-0.6732718160806218,-0.28996347803702527,-0.642714391079019,-0.29148773723008004,0.03676470588235294,-0.1548894631394453,0.2284188749041512,-0.09838159919223366,0.17118160799145699,0.18945045756759965,0.5249243522779976
273,-0.4835164835164835,0.19124375310953554,-0.674760236626019,-0.292272730406948,-0.6440959895377629,-0.29389250016474466,0.03663003663003663,-0.1546137164794989,0.22787378973957217,-0.09802804396047696,0.1705734584576044,0.18852606984921694,0.5220272580509072
274,-0.4781021897810219,0.1908359841314378,-0.6689381739124597,-0.28726620564958416,-0.6392277895207823,-0.2883424606636493,0.040145985401459854,-0.15068999872997793,0.23098196953289765,-0.09459988457443072,0.174097975947126,0.19224972895686646,0.529035905018422
275,-0.4727272727272727,0.1904308345460428,-0.6631581072733155,-0.28229643818122996,-0.6343825091015207,-0.2828442186117172,0.04363636363636364,-0.14679447090967915,0.23406719818240643,-0.0911915136467327,0.1775902339003303,0.19597835785005652,0.5360387941302189
276,-0.4673913043478261,0.19002827720242513,-0.6574195815502513,-0.27736302714540095,-0.6295601118194022,-0.2773969486031844,0.04710144927536232,-0.1429268279270628,0.23712972647778746,-0.08780277882149254,0.18105071075800533,0.19971188042355115,0.5430360200351934
277,-0.4693140794223827,0.18962828533322523,-0.6589423647556079,-0.27968579408915745,-0.6309728648795978,-0.27981274954248425,0.04693140794223827,-0.14269687739098696,0.2365596932754635,-0.08749122858477845,0.18041757728218605,0.19874329349514994,0.540052204201459
278,-0.4712230215827338,0.18923083254782766,-0.6604538541305615,-0.2819921890349062,-0.6323748475356067,-0.2822126270198136,0.04316546762589928,-0.14606536492192837,0.23239630017372695,-0.09136537757280064,0.17682178800912213,0.19778408345608933,0.5371008163823865
279,-0.4731182795698925,0.18883589282568508,-0.6619541723955775,-0.2842823867442074,-0.633766167747077,-0.28459671123694347,0.043010752688172046,-0.14582514013751302,0.23184664551385714,-0.09104365366761402,0.17620738683849252,0.1968341091313113,0.5341813591323037
280,-0.475,0.18844344050978487,-0.6634434405097849,-0.2865565594902151,-0.6351469554007054,-0.2869651533663273,0.039285714285714285,-0.14915772622407059,0.22772915479549916,-0.09486935612346445,0.17264569375131808,0.19589323725435726,0.5312932652092969
281,-0.47686832740213525,0.1880534503002539,-0.6649217777023891,-0.28881487710188136,-0.6365173307389975,-0.2893181257082474,0.03914590747330961,-0.1489075428269443,0.22719935777356348,-0.09453783892227663,0.1720495980193182,0.19496134226519762,0.528436108250005
282,-0.475177304964539,0.18766589724809882,-0.6628432022126378,-0.28751140771644024,-0.6344554386240371,-0.28826240613950904,0.03900709219858156,-0.14865880504951726,0.22667298944668038,-0.094208613830678,0.17145761255676858,0.19496134226519762,0.528436108250005
283,-0.47703180212014135,0.18728075674907807,-0.6643125588692194,-0.2897510453710633,-0.6358187082799501,-0.29059501144995536,0.038869257950530034,-0.14841149879854804,0.2261500146996081,-0.09388168751140363,0.17086968826320903,0.1940382956921386,0.5256093129803107
284,-0.47183098591549294,0.18689800453770267,-0.6587289904531957,-0.2849329813777903,-0.6311195719409995,-0.2852733492011755,0.04225352112676056,-0.1446444834109421,0.22915152566446323,-0.09057582390140481,0.17425702491276696,0.1976725670293474,0.5323709973805846
285,-0.47368421052631576,0.1865176166813623,-0.6602018272076781,-0.28716659384495347,-0.6324857206721053,-0.2875993879217851,0.042105263157894736,-0.14441235352346757,0.22862287983925703,-0.09026350786811427,0.17366387687231366,0.19674145556540207,0.5295372422809367
286,-0.4755244755244755,0.186139569574574,-0.6616640450990495,-0.2893849059499015,-0.633841745399095,-0.28991049038363514,0.04195804195804196,-0.14418152761653205,0.22809761153261596,-0.08995334647752189,0.17307476313797748,0.1958190957593705,0.5267333240220343
287,-0.47038327526132406,0.18576383993335038,-0.6561471151946745,-0.2846194353279737,-0.629189916604072,-0.2846531079828947,0.04529616724738676,-0.1404676726859636,0.23106000718073716,-0.08669032286268494,0.17641426150391742,0.1994246004087113,0.5334164119343844
288,-0.4722222222222222,0.18539040478968402,-0.6576126270119063,-0.28683181743253816,-0.6305486882726352,-0.28695772174331874,0.04513888888888889,-0.14025151590079513,0.23052929367857292,-0.08639432376043665,0.1758201542931298,0.19849438562112393,0.5306058069427858
289,-0.4740484429065744,0.18501924148614615,-0.6590676843927206,-0.2890292014204282,-0.6318974923922531,-0.28924767667859486,0.04498269896193772,-0.14003654252420844,0.23000194044808386,-0.08610032163689292,0.17523002377018387,0.19757282628206427,0.5278244954947359
290,-0.47586206896551725,0.184650327670596,-0.6605123966361133,-0.2912117412949212,-0.6332364476960277,-0.2915231164159445,0.04482758620689655,-0.13982274146369944,0.22947791387749256,-0.08580833930393747,0.17464384909333852,0.1966598063575075,0.5250720101082931
291,-0.47079037800687284,0.18428364129099845,-0.6550740192978712,-0.2865067367158744,-0.6286434660252838,-0.2863365762012521,0.048109965635738834,-0.13617367565525962,0.23239360692673727,-0.08259886877028802,0.17792809204137616,0.2002208267137402,0.5316429663517622
292,-0.4726027397260274,0.1839191605903478,-0.6565219003163751,-0.2886835791356796,-0.6299850921312422,-0.28860575746591777,0.04794520547945205,-0.13597395511089574,0.23186436606979985,-0.08232049245948661,0.17733714668309847,0.1993001700825931,0.5288839579765737
293,-0.46757679180887374,0.18355686410169447,-0.6511336559105683,-0.28401992770717926,-0.6254250864933784,-0.283472300898093,0.051194539249146756,-0.13236232485254773,0.23475140335084121,-0.07914012609488322,0.18058479717160245,0.20284958178977724,0.5354151091964519
294,-0.46938775510204084,0.1831967306432727,-0.6525844857453136,-0.28619102445876815,-0.6267692203424415,-0.2857351741012262,0.05102040816326531,-0.13217632248000738,0.234217138806538,-0.07887507093196013,0.17998928546297302,0.20192144840236798,0.532649862923891
295,-0.4711864406779661,0.1828387393137264,-0.6540251799916925,-0.2883477013642397,-0.6281036977040566,-0.2879839302119563,0.05084745762711865,-0.13199128168660776,0.23368619694084505,-0.07861178103139843,0.17939767190965555,0.2010017961679758,0.5299128993964202
